consumers,may,want,to,move
watching,abc,'s,monday,night
two,weeks,ago,viewers,of
and,the,new,syndicated,reality
interactive,telephone,technology,has,taken
eventually,viewers,may,grow,with
but,right,now,programmers,are
we,'ve,been,spending,a
with,the,competitiveness,of,the
one,of,the,leaders,behind
formed,in,august,the,venture
other,long-distance,carriers,have,also
blair,entertainment,a,new,york
the,use,of,toll,numbers
for,a,while,lines,and
the,cost,of,a,call
billing,is,included,in,a
from,the,fee,the,local
in,recent,months,the,technology
before,callers,of,numbers,would
people,in,the,phone,business
now,callers,are,led,through
up,to,now,numbers,have
used,one,to,give,away
for,several,years,turner,broadcasting
the,newest,uses,of,the
capital,cities\/abc,inc.,cbs,inc.
the,subject,will,be,written
callers,will,be,sent,educational
other,network,applications,have,very
abc,sports,was,looking,for
kurt,abc,sports,'s,marketing
profit,from,the,calls,goes
meanwhile,nbc,sports,recently,began
a,spokesman,said,its,purpose
nbc,'s,consumer,minutes,have
each,matches,a,sponsor,and
viewers,can,call,a,number
if,the,caller,stays,on
an,vice,president,says,nbc
she,would,n't,say,what
we,were,able,to,get
and,we,were,able,to
mr.,parks,of,call,interactive
experts,are,predicting,a,big
this,service,each,caller,'s
hard,copy,the,new,syndicated
for,a,piece,on,local
that,'ll,save,us,time
but,mr.,sees,much,bigger
these,are,just,baby,steps
although,it,would,be,costly
fox,broadcasting,with,this,concept
someday,viewers,may,also,choose
a,by,phone,could,let
you,'ll,start,to,see
integrated,resources,inc.,the,troubled
integrated,did,n't,identify,the
last,week,another,potential,buyer
integrated,said,that,it,would
integrated,also,said,it,expects
the,company,did,n't,disclose
meanwhile,a,number,of,top
the,unit,is,a,constructed
the,sales,force,is,viewed
cited,concerns,about,how,long
in,composite,trading,on,the
integrated,has,been,struggling,to
integrated,senior,and,junior,creditors
an,earthquake,struck,northern,california
the,violent,temblor,which,lasted
the,tremor,was,centered,near
some,buildings,collapsed,gas,and
the,quake,which,also,caused
major,injuries,were,n't,reported
bush,vowed,to,veto,a
his,pledge,in,a,letter
east,germany,'s,politburo,met
meanwhile,about,refugees,flew,to
the,world,psychiatric,association,voted
moscow,which,left,the,group
nasa,postponed,the,of,the
the,spacecraft,'s,five,are
senate,democratic,leaders,said,they
the,amendment,is,aimed,at
federal,researchers,said,lung-cancer,mortality
the,national,cancer,institute,also
bush,met,with,south,korean
bush,assured,roh,that,the
the,bush,administration,is,seeking
a,white,house,spokesman,said
india,'s,gandhi,called,for
the,balloting,considered,a,test
gandhi,'s,family,has,ruled
the,soviet,union,from,a
it,was,the,first,time
israel,was,by,a,vote
black,activist,walter,sisulu,said
the,sisulu,was,among,eight
london,has,concluded,that,president
the,report,by,the,defense
an,international,group,approved,a
the,move,by,the,convention
an,in,colombia,killed,a
an,caller,to,a,local
leader,met,with,egypt,'s
they,stopped,short,of,diplomatic
the,reconciliation,talks,in,the
group,inc.,revised,its,exchange
the,n.j.,company,said,holders
the,new,notes,will,bear
under,the,original,proposal,the
completion,of,the,exchange,offer
which,said,it,does,n't
the,stock,of,ual,corp.
ual,stock,plummeted,a,further
the,plunge,followed,a,drop
the,stock,has,fallen,$
this,is,a,total,for
los,angeles,financier,marvin,davis
but,he,dropped,his,earlier
even,as,citicorp,and,chase
its,partners,are,united,'s
adding,to,injury,united,'s
a,similar,demand,was,made
john,machinists,union,general,vice
although,mr.,wolf,and,john
the,blue-collar,machinists,longtime,rivals
confusion,about,the,two,banks
and,rumors,of,forced,selling
yesterday,'s,selling,began,after
several,reports,as,the,day
citicorp,for,example,said,only
late,in,the,day,mr.
but,he,gave,few,details
meanwhile,in,another,sign,that
in,london,british,airways,chairman
observers,said,it,appeared,that
the,effort,to,revive,the
the,pilots,were,meeting,outside
but,british,air,which,was
a,group,of,united,'s
the,machinists,also,asked,for
last,week,just,before,the
in,his,statement,mr.,wolf
mr.,wolf,has,merger,advice
the,huge,drop,in,ual
mr.,said,that,despite,losses
the,stock,'s,decline,also
although,it,may,not,be
at,a,meeting,sept.,to
the,takeover-stock,traders,were,hoping
meanwhile,japanese,bankers,said,they
macmillan,inc.,said,it,plans
the,offering,for,the,language
after,the,offering,is,completed
five,million,shares,will,be
goldman,sachs,&,co.,will
macmillan,said,berlitz,intends,to
the,company,said,it,expects
berlitz,will,borrow,an,amount
the,total,borrowing,will,be
proceeds,from,the,borrowings,under
proceeds,from,the,offering,will
berlitz,which,is,based,in
in,the,past,five,years
in,the,first,six,months
right,away,you,notice,the
it,attracts,people,with,funny
whoever,constitute,the,local,left
people,in,glass,houses,tend
and,if,still,at,the
currently,in,the,middle,of
he,sits,down,at,the
either,one,likes,it,or
the,typical,glass,audience,which
the,work,though,sounds,like
philip,glass,is,the,and
his,success,is,easy,to
introducing,and,explaining,his,pieces
the,piano,which,have,been
it,is,music,for,people
it,is,listening,for,the
mr.,glass,has,the,famous
far,from,being,the,music
but,the,music,has,its
opening,from,the,audience,to
there,is,a,musical,style
the,music,is,not,especially
nothing,no,no,problems,challenge
we,hear,we,may,think
with,planet,news,music,meant
his,hands,sit,apart,on
seventh,make,you,feel,as
the,but,there,is,little
contrasts,predictably,first,the,music
the,fourth,play,an,from
when,mr.,glass,decides,to
he,does,this,in,at
you,might,call,it,a
in,mad,rush,which,came
not,only,is,the,typical
mad,rush,began,its,life
later,it,was,performed,on
the,point,is,that,any
the,evening,ended,with,mr.
parts,and,come,from,the
when,used,as,background,in
served,up,as,a,solo
of,mr.,glass,may,agree
but,while,making,the,obvious
its,supposedly,a,that,makes
mr.,is,professor,of,english
honeywell,inc.,said,it,hopes
the,company,would,n't,disclose
proceeds,of,the,sale,expected
honeywell,said,it,is,negotiating
a,stake,would,allow,honeywell
honeywell,previously,said,it,intended
yesterday,a,spokeswoman,said,the
honeywell,said,its,defense,and
overall,honeywell,reported,earnings,of
the,previous,period,'s,results
sales,for,the,latest,quarter
for,the,nine,months,honeywell
sales,declined,slightly,to,$
once,again,your,editorial,page
in,an,of,little,to
this,statement,surely,your,editorial
the,clean,water,act,contains
it,requires,that,of,into
whatever,may,be,the,problems
perhaps,mr.,was,confused,by
this,statement,was,not,taken
thus,you,do,the,public
national,geographic,the,u.s.,magazine
so,why,did,advertising,pages
to,hear,advertisers,tell,it
despite,renewed,interest,by,the
worse,it,lagged,behind,competitors
but,now,the,magazine,is
advertisers,do,n't,think,of
what,we,want,to,do
people,did,n't,believe,we
the,magazine,has,never,had
it,largely,on,its,million
the,magazine,had,its,best
but,this,year,when,the
the,reason,ad,executives,say
perhaps,the,biggest,of,those
when,ad,dollars,are,tight
even,though,national,geographic,offers
to,combat,that,problem,national
but,the,magazine,was,slower
time,magazine,for,example,has
another,sticking,point,for,advertisers
and,national,geographic,'s,size
but,ms.,says,the,magazine
it,now,offers,regional,editions
and,it,just,launched,a
the,centerpiece,of,the,promotion
the,campaign,created,by,group
in,one,ad,a,photo
another,ad,pictures,a,tree
ms.,says,she,wants,the
her,goal,to,top,ad
whether,she,can,meet,that
the,ad,campaign,is,meant
we,want,it,to,be
wcrs,group,hopes,to,announce
wcrs,has,been,in,discussions
however,when,negotiations,down,recently
according,to,the,executive,'s
executives,of,the,two,agencies
new,account,procter,&,gamble
professional,products,are,specially,made
who,'s,news,stephen,was
he,was,executive,vice,president
the,commodity,futures,trading,commission
the,cftc,said,it,will
dual,trading,gives,an,exchange
the,issue,exploded,this,year
while,not,specifically,mentioned,in
critics,contend,that,traders,were
traders,are,likely,to,oppose
the,exchanges,contend,that,dual
the,exchanges,say,liquidity,becomes
the,cftc,may,take,those
the,agency,did,n't,cite
wendy,the,agency,'s,chairman
the,study,by,the,cftc
whether,a,trade,is,done
currently,most,traders,on,commodity
the,tests,indicate,that,dual
members,of,congress,have,proposed
the,house,'s,bill,would
the,senate,bill,would,force
so,far,one,test,of
the,chicago,merc,banned,dual
under,the,rules,traders,decide
traders,who,stand,on,the
a,merc,spokesman,said,the
it,'s,too,soon,to
he,said,he,would,n't
but,at,a,meeting,last
it,adds,something,to,the
japanese,luxury-car,makers,are,trying
but,some,dealers,are,negotiating
nissan,motor,co.,'s,infiniti
specifications,include,a,at,the
infiniti,has,it,down,to
toyota,motor,corp.,'s,lexus
but,only,two-thirds,of,lexus
some,are,even,coming,up
in,louisville,ky.,for,example
yet,some,dealers,have,turned
lee,seidman,of,cleveland,says
mr.,seidman,says,he,turned
to,head,off,arguments,infiniti
device,'s,plays,back,a
products,have,to,be,first
that,'s,the,lesson,offered
dictaphone,corp.,was,caught,off
blocked,by,patent,protection,from
by,designers,and,engineers,at
by,however,the,patent,status
marketing,and,sales,departments,then
dictaphone,went,ahead,and,introduced
to,date,says,a,dictaphone
nevertheless,the,device,has,been
it,helped,dictaphone,attract,better
the,recorder,also,helped,transform
it,gave,me,great,pride
dictaphone,'s,recorder,is,one
the,studies,are,on,exhibit
a,rake,'s,progress,means
one,day,carl,barrett,of
the,harder,he,tried,to
so,mr.,barrett,then,vice
his,crude,device,worked,the
now,incorporated,into,a,rake
one,customer,donald,of,mobile
but,other,rake,makers,have
richard,mason,president,of,co.
john,marketing,director,for,true
they,either,pick,it,up
no,more,or,promises,corp.
four,steel,each,roughly,in
nearly,half,of,u.s.,consumers
living,there,for,six,years
the,ghosts,of,the,past
some,can,be,bought,off
during,the,korean,war,gen.
those,operations,cost,less,than
that,'s,about,all,it
in,and,the,german,navy
the,southern,command,has,grown
the,command,'s,huge,bureaucracy
the,ghost,of,the,soviet
the,has,n't,been,heard
george,marshall,'s,ghost,is
we,keep,a,lot,of
the,army,headquarters,on,the
you,see,marshall,had,this
now,his,ghost,wo,n't
to,keep,him,quiet,we
but,we,still,hear,him
which,brings,up,the,worst
when,the,shah,died,president
mr.,carter,said,he,would
but,that,ghost,would,n't
so,mr.,carter,formed,three
but,that,ghost,was,n't
after,mr.,carter,was,defeated
i,saw,what,he,did
why,he,used,to,lay
cap,added,four,more,divisions
he,bought,$,billion,in
he,dedicated,all,these,new
one,night,both,marshall,'s
before,they,let,him,go
he,gave,those,bureaucrats,charge
marshall,figured,it,would,be
they,had,fun,moving,the
but,the,shah,still,kept
then,suddenly,'s,ghost,came
lucky,for,cap,was,and
so,the,u.s.,found,itself
we,had,great,success,in
but,then,it,turned,out
still,was,the,best,we
all,these,reports,about,him
but,would,n't,you,know
meanwhile,congress,is,cutting,huge
predictably,some,navy,guys,said
could,n't,we,save,$
and,why,not,save,the
and,where,were,all,our
questions,like,that,really,stir
he,appeared,late,one,night
marshall,came,in,like,'s
he,would,n't,leave,until
so,next,day,mr.,cheney
then,he,canceled,production,of
on,the,other,hand,mr.
marshall,'s,ghost,is,satisfied
what,with,halloween,coming,and
they,know,that,they,can
then,the,whole,thing,will
gives,me,the,just,thinking
mr.,lehman,a,reagan,navy
the,metal,and,marble,lobby
for,one,thing,there,is
at,the,moment,however,the
in,an,international,buying,spree
by,midnight,oct.,all,of
centrust,did,n't,meet,the
the,collection,was,at,the
the,is,that,the,$
mr.,paul,had,no,right
besides,that,some,of,the
last,spring,the,comptroller,'s
the,acquisitions,officials,said,in
so,far,mr.,paul,has
the,comptroller,'s,office,says
though,the,agency,could,remove
it,'s,not,like,selling
the,last,six,months,has
there,'s,no,fire,sale
despite,mr.,paul,'s,characteristic
paintings,are,just,part,of
although,mr.,paul,has,a
itself,of,what,is,left
late,last,week,federal,regulators
mr.,paul,has,a,plan
it,is,mr.,paul,'s
shareholders,some,of,whom,are
centrust,shares,have,fallen,sharply
gallery,directors,meanwhile,say,mr.
collectors,do,n't,say,it
they,say,got,$,million
the,great,collectors,we,depended
mr.,an,art,dealer,and
trouble,is,mr.,bond,has
when,mr.,paul,moved,in
he,established,his,reputation,as
there,on,one,of,his
he,paid,$,million,for
the,price,paid,was,a
some,of,items,offered,at
the,rest,were,withdrawn,for
afterward,mr.,paul,is,said
he,says,he,them,recalls
and,he,tells,me,if
it,'s,just,not,true
mr.,paul,quickly,became,more
mr.,wachter,who,became,his
and,according,to,one,dealer
nicholas,hall,the,president,of
mr.,hall,says,mr.,paul
people,were,interested,in,seeing
mr.,paul,thus,developed,a
mr.,paul,was,eager,to
sotheby,'s,the,auction,house
european,dealers,continued,to,dominate
for,several,months,there,was
last,october,mr.,paul,paid
the,painting,attributed,to,artist
in,march,just,months,into
an,unknown,quantity,to,most
he,recently,bid,$,at
mr.,paul,says,it,was
the,art,collection,might,have
in,its,letter,to,him
the,state,gave,centrust,days
the,comptroller,'s,office,eventually
in,other,words,get,rid
the,state,noted,that,banking
the,state,agency,was,particularly
mr.,paul,says,that,at
he,explains,that,he,was
it,came,on,the,heels
for,instance,he,got,a
he,owns,of,centrust,'s
adding,to,mr.,paul,'s
the,$,million,on,the
david,the,president,of,david
it,may,have,been,painted
the,feeling,among,many,experts
it,sounds,like,with,the
victor,the,executive,director,of
it,'s,not,beyond,credibility
i,'m,forever,by,what
jonathan,h.,the,son,of
dealers,of,the,purchase,price
mr.,paul,for,his,part
most,of,them,were,n't
art,prices,are,but,a
salomon,brothers,inc.,the,investment-banking
and,modern,paintings,not,tracked
salomon,moreover,gets,its,data
the,from,consideration,the,many
art,indexes,track,winners,not
but,art,that,has,fallen
also,at,any,of,sotheby
it,'s,not,that,there
in,january,the,painting,that
mr.,hall,of,the,gallery
but,from,his,point,it
the,painting,is,feet,wide
rather,it,just,shows,things
mr.,paul,boasts,that,he
they,went,up,last,year
sotheby,'s,vice,president,says
and,while,sotheby,'s,chief
mr.,paul,claims,to,have
that,is,n't,and,the
he,furthermore,denies,that,he
mr.,paul,says,he,had
after,all,he,had,the
he,says,he,expects,to
but,in,mr.,paul,'s
that,is,he,is,being
after,a,few,years,you
but,quick,turnover,in,is
people,hold,out,and,try
sotheby,'s,itself,and,mr.
mr.,wachter,says,mr.,paul
on,occasion,he,paid,a
a,at,associates,in,san
sotheby,'s,she,says,is
i,ca,n't,see,why
estimates,are,based,on,the
frequently,clients,express,interest,in
mr.,paul,in,selling,off
mr.,paul,says,that,he
because,of,the,pressure,on
but,so,far,mr.,paul
one,dealer,martin,of,french
i,tried,to,steal,the
meanwhile,mr.,paul,and,centrust
mr.,paul,has,been,characterized
the,media,she,says,have
i,do,n't,think,i
but,at,just,that,moment
mr.,paul,says,yes,the
the,offices,are,done,in
but,he,that,the,be
do,n't,say,it,'s
just,say,the,offices,are
otherwise,the,regulators,will,take
figures,do,n't,include,taxes
companies,listed,below,reported,quarterly
the,companies,are,followed,by
estimated,and,actual,results,involving
the,percent,difference,compares,actual
otherwise,actual,profit,is,compared
during,its,centennial,year,the
creative,accounting,mostly,by,forced
the,new,financial,accounting,standards
all,of,the,former,board
the,new,board,'s,structure
francis,m.,wheat,a,former
the,former,board,had,produced
the,climate,was,right,for
in,the,late,1960s,some
and,in,november,congress,had
also,james,needham,an,sec
of,the,books,dubbed,figure
the,fasb,had,its,initial
on,dec.,it,issued,its
the,fasb,since,then,has
since,late,for,example,it
industrial,corp.,said,it,plans
the,metal,products,concern,currently
previously,had,said,it,planned
the,company,named,dillon,read
a,seat,on,the,chicago
seats,currently,are,quoted,at
the,record,price,for,a
an,associate,member,seat,was
associate,member,seats,currently,are
the,record,price,for,associate
industries,ltd.,said,its,link
said,the,fixed,price,for
it,is,scheduled,for,delivery
the,price,of,the,second
is,a,toronto-based,maker,of
inc.,said,it,agreed,to
total,value,of,the,contract
as,previously,reported,emerged,from
this,los,angeles,company,and
the,conversion,increased,total,equity
union,federal,a,federally,insured
david,d.,lung,was,appointed
as,president,mr.,lung,years
lung,remains,chairman,and,chief
david,lung,has,been,with
general,dynamics,services,co.,a
grumman,corp.,was,given,a
hughes,aircraft,co.,a,unit
reynolds,metals,co.,said,third-quarter
the,latest,earnings,reflect,an
revenue,rose,to,$,billion
reynolds,is,the,third,big
the,no,domestic,aluminum,producer
and,ltd.,yesterday,reported,net
analysts,on,average,had,been
it,'s,a,good,indication
the,nation,'s,no,aluminum
the,base,metal,price,has
much,of,the,price,decline
but,william,o,chairman,and
he,said,shipments,are,continuing
aluminum,shipments,of,metric,tons
nevertheless,the,company,said,that
in,composite,trading,on,the
no,but,certainly,no,home
that,'s,how,the,game
yesterday,'s,recovery,from,friday
but,quite,a,few,money
weakening,corporate,earnings,they,say
the,stock,market,ai,n't
he,suspects,that,friday,'s
mr.,says,the,stock,market
after,sitting,with,of,his
with,flat,corporate,profits,on
this,is,not,a,grossly
according,to,institutional,brokers,estimate
bulls,say,the,market,is
before,the,crash,the,was
the,common,view,says,cohen
our,view,is,that,we
some,think,investors,should,sell
the,market,is,going,to
things,are,a,little,less
he,expects,stocks,to,decline
after,friday,'s,decline,mr.
he,found,still,and,fairly
nicholas,parks,a,new,york
i,'ve,been,two-thirds,in
companies,that,on,debt,in
about,value,are,n't,useful
for,instance,he,says,international
money,manager,robert,ross,head
russell,a,money,manager,in
there,are,still,bulls,out
i,still,think,we,will
we,'re,doing,a,little
many,brokerage,house,officials,also
yesterday,goldman,sachs,merrill,lynch
dean,witter,now,recommends,goldman
some,investors,say,friday,'s
it,was,a,healthy,says
from,here,out,these,investors
the,fundamentals,are,pretty,strong
i,do,n't,see,this
it,'s,a,recognition,that
friday,'s,big,fall,was
it,was,an,to,an
many,investors,have,nagging,worries
newspapers,are,full,of,about
that,investors,',confidence,in
not,even,all,the,brokerage
disappointing,profits,are,likely,to
she,thinks,the,market,could
companies,with,steady,earnings,growth
the,turmoil,on,wall,street
managers,at,five,chains,have
the,chains,include,bloomingdale,'s
hooker,is,based,in,sydney
the,combination,of,so,many
the,pricing,will,become,more
investors,are,n't,going,to
earlier,this,year,bankers,and
those,days,are,over,now
competition,from,third,parties,who
but,when,prices,were,crazy
bankers,believed,in,the,theory
this,is,no,longer,true
at,saks,fifth,avenue,paul
having,to,take,on,less
it,would,also,help,us
to,make,an,lbo,work
none,believe,the,proposed,management
not,only,could,the,wall
further,many,institutions,today,holding
it,'s,called,bad,money
institutions,that,usually,buy,retail
however,the,lower,prices,these
in,addition,the,fall,selling
what,'s,encouraging,about,this
retailers,who,had,good,track
still,most,retailing,observers,expect
prices,for,retail,chains,are
but,the,hurdle,of,financing
potential,bondholders,will,either,look
sony,corp.,won,a,pretrial
judge,john,e.,issued,the
the,judge,held,that,the
the,legal,fight,was,the
justin,'s,attorney,charles,e.
he,also,repeated,justin,'s
their,likelihood,of,us,is
continental,mortgage,&,equity,trust
the,dallas,real,estate,investment
despite,continuing,troubles,with,problem
a,federal,appeals,court,struck
the,court,in,a,ruling
ferc,'s,regulation,had,given
a,majority,of,old,contracts
but,pipeline,companies,estimate,they
according,to,industry,lawyers,the
the,court,left,open,whether
the,court,agreeing,with,pipeline
a,report,last,month,by
the,court,ordered,ferc,to
the,court,also,questioned,a
the,complex,regulation,known,in
the,court,'s,decision,would
corp.,said,it,voluntarily,prepaid
after,the,payment,the,cleveland
the,cement,producer,said,the
national,income,realty,trust,said
the,mortgage,and,equity,real
despite,continuing,troubles,with,problem
mlx,corp.,said,it,reached
mlx,which,also,makes,aircraft
among,other,things,the,restructured
certain,details,of,the,restructured
the,agreement,is,subject,to
william,p.,mlx,chairman,and
mlx,has,filed,a,registration
dow,jones,&,co.,said
customers,of,either,or,dow
dow,jones,is,the,publisher
flowers,industries,inc.,said,it
the,company,said,it,sold
it,said,the,sales,were
a,year,earlier,flowers,had
production,by,the,nation,'s
last,week,'s,output,rose
the,industry,used,of,its
the,capability,utilization,rate,is
b,was,named,executive,director
mr.,years,old,succeeds,who
mr.,was,vice,president,and
dun,&,bradstreet,corp.,'s
the,service,supplies,weekly,reports
market,data,is,a,of
closely,held,intelligence,in,education
a,battle,is,in,venice
the,plans,include,a,subway
enthusiasts,argue,that,holding,the
this,city,already,has,too
about,italian,businesses,including,fiat
three,gambling,casinos,have,opened
the,three,two,in,warsaw
what,do,we,want,casinos
but,who,runs,the,casino
plans,to,increase,natural-gas,sales
according,to,the,middle,east
also,wants,to,build,a
south,africa,'s,national,union
it,also,said,the,union
the,strike,at,five,de
the,union,has,demanded,a
the,gathering,is,expected,to
west,german,environment,minister,said
the,u.s.,and,canada,joined
the,swedish,publishers,of,a
editor,said,plans,had,called
he,said,more,copies,were
the,swedish,publishing,company,owns
mexico,'s,top,debt,negotiator
mr.,'s,optimism,contrasts,with
mr.,mexico,'s,of,the
an,increasing,number,of,banks
the,other,two,options,consist
the,accord,which,covers,$
china,'s,top,film,actress
the,amount,is,equal,to
china,will,spend,$,million
the,lama,who,was,just
george,w.,koch,years,old
american,business,computer,corp.,said
the,placement,was,made,through
proceeds,will,be,used,to
the,company,develops,and,markets
the,r.h.,macy,&,co
in,yesterday,'s,edition,it
korean,car,exports,have,slid
they,are,enjoying,domestic,sales
south,korean,consumers,are,expected
in,fact,some,auto,executives
we,are,very,lucky,to
as,it,is,waiting,lists
demand,is,so,strong,that
industry,analysts,predict,that,by
it,'s,an,optimistic,move
but,south,korean,auto,makers
currently,only,one,in,south
in,the,year,it,will
at,that,point,domestic,sales
the,reason,for,the,tremendous
we,never,thought,we,'d
she,and,her,husband,started
pay,raises,of,over,the
the,success,of,ssangyong,motor
a,part,of,the,conglomerate
ssangyong,began,making,variations,of
had,had,a,technology,agreement
the,most,popular,style,is
the,vehicles,start,at,$
ssangyong,which,has,only,about
it,sees,sales,rising,to
the,company,plans,to,expand
by,then,it,also,hopes
hyundai,and,daewoo,seem,about
it,plans,to,sell,units
kia,the,only,korean,car
its,advantage,has,been,the
at,million,won,or,$
along,with,two,larger,models
ford,motor,co.,and,japan
kia,is,the,most,aggressive
loans,for,as,long,as
daewoo,motor,a,joint,venture
shipments,of,its,to,gm
moreover,daewoo,'s,domestic,sales
the,big,problem,for,daewoo
in,fact,a,sister,company
hyundai,the,korean,market,leader
it,has,a,similar,project
kia,is,reportedly,also,considering
even,giant,group,is,rumored
robert,p.,years,old,was
robert,was,named,to,the
many,mutual,fund,investors,picked
as,the,stock,market,bounced
fidelity,investments,the,nation,'s
net,outflows,from,fidelity,'s
much,of,the,money,was
outflows,since,the,close,of
other,mutual,fund,companies,reported
and,some,investors,at,fidelity
two,years,ago,there,was
this,time,we,do,n't
of,course,the,relative,calm
and,any,strong,surge,in
but,funds,generally,are,better
as,a,group,their,cash
many,fund,managers,have,boosted
the,biggest,flurry,of,investor
vanguard,group,inc.,saw,heavy
in,the,first,hour,the
but,the,pace,of,call
at,stevens,&,clark,inc.
most,of,that,increase,came
as,stocks,rose,in,fact
many,funds,allow,investors,to
at,and,at,the,smaller
because,mutual,fund,trades,do
at,fidelity,'s,office,in
but,by,p.m.,with,the
it,'s,a,nice,feeling
but,some,investors,continued,to
shareholders,have,been,steadily,out
much,of,the,money,has
instead,of,selling,bonds,to
the,$,billion,t.,rowe
that,way,mr.,collins,says
when,the,market,stabilized,he
financial,inc.,said,it,agreed
shareholders,of,central,a,bank
for,the,first,nine,months
also,a,bank,holding,company
central,'s,assets,are,$
during,its,centennial,year,the
soft,contact,lenses,won,federal
the,food,and,drug,administration
the,product,was,more,comfortable
bausch,&,sold,the,under
the,plastic,lens,itself,over
but,the,new,lens,became
in,september,california,officials,seized
in,october,doctors,were,the
and,there,were,senate,hearings
the,product,the,bad,publicity
the,early,soft,lenses,which
in,extended,wear,versions,designed
months,ago,a,disposable,seven-day
last,month,the,fda,and
today,million,of,the,million
including,the,eye,care,products
although,bausch,remains,the,leader
the,roller-coaster,stock,market,is
in,the,wake,of,friday
as,in,other,jittery,times
even,if,stock,prices,fully
the,implication,of,an,unsettled
the,more,that,indicate,risk
earlier,this,month,inc.,a
at,the,time,its,shares
but,with,the,company,'s
business,however,continues,to,be
other,companies,figure,they,ca
we,have,capital,requirements,says
unless,the,market,goes,right
and,the,columbia,md,company
life,is,particularly,for,companies
is,becoming,an,investment-banking,job
robertson,&,co.,a,san
officers,of,the,company,a
as,the,market,dropped,friday
yesterday,when,similar,securities,rebounded
as,of,late,yesterday,the
for,many,the,situation,is
we,were,just,beginning,to
but,the,tunnel,'s,just
companies,planning,to,go,public
he,that,the,recent,market
corp.,had,been,planning,to
but,now,peter,president,says
and,profitable,the,colo.,concern
inc.,an,atlanta,concern,says
it,'s,a,situation,right
delayed,financings,also,would,affect
sierra,tucson,cos.,a,tucson
william,president,says,he,still
if,it,does,n't,he
but,the,market,turmoil,could
in,a,sagging,market,the
james,g.,president,of,savings
for,small,companies,he,says
mr.,thinks,rates,are,heading
peter,biotechnology,analyst,for,securities
partly,because,the,market,crash
some,even,see,a,silver
alan,wells,president,of,wells
instead,they,could,turn,to
and,william,e.,jr.,a
this,will,add,to,the
bay,financial,corp.,hurt,by
bay,said,a,substantial,part
the,company,said,its,real
thus,it,is,coming,up
according,to,its,latest,annual
the,company,said,it,had
a,year,earlier,the,company
for,the,year,it,had
in,the,previous,year,it
although,it,is,having,serious
book,value,per,share,which
a,year,earlier,value,per
annualized,interest,rates,on,certain
inc.,reported,a,decline,in
the,electronics,automotive,and,aerospace
share,earnings,are,reported,on
results,for,the,quarter,included
the,latest,quarter,included,a
sales,for,the,quarter,rose
the,company,said,aerospace,and
automotive,sales,jumped,to,$
the,group,had,an,operating
however,excluding,the,year-earlier,charge
materials,and,production,costs,also
the,information,systems,segment,had
an,acquisition,accounted,for,half
operating,profit,rose,to,$
for,the,nine,months,'s
sales,rose,to,$,billion
a,by,an,not,though
in,fact,'s,the,remains
it,implies,that,the,british
as,the,stevens,the,butler
stevens,'s,of,the,public
it,'s,the,year,the
as,he,stands,on,a
we,call,this,land,of
yet,i,would,venture,that
it,is,the,very,lack
what,is,is,the,of
it,is,as,though,the
in,comparison,the,sorts,of
but,let,stevens,continue,in
his,answer,is,one,of
such,dignity,has,to,do
he,will,not,be,shaken
are,unable,to,be,because
despite,his,racial,advantage,to
if,for,example,in,the
you,see,i,know,my
it,is,this,kind,of
we,note,the,imperial,public
that,stevens,himself,is,not
mr.,'s,ability,to,create
now,shifting,his,scene,from
with,great,he,considers,not
this,employer,all,that,i
i,will,devote,myself,to
in,the,end,after,meeting
i,trusted,in,his,'s
i,ca,n't,even,say
really,one,has,to,ask
the,loyal,has,come,full
we,understand,such,wisdom,must
but,as,the,remains,of
mr.,teaches,english,and,literature
corp.,said,its,subsidiary,completed
the,transaction,is,part,of
since,june,has,more,than
is,a,gas,and,electric
who,represents,the,soviet,airline
in,his,office,the,runway
first,he,suggests,group,ltd.
then,aer,the,irish,flag
that,'s,not,all,he
aer,the,irish,airport,authority
aeroflot,could,lease,some,of
and,then,there,is,his
have,the,freedoms,of,glasnost
the,aviation,connection,is,alive
is,indeed,talking,about,leasing
aer,is,in,discussions,with
aer,already,has,so,many
unlikely,as,it,may,seem
and,as,aeroflot,struggles,to
irish,and,soviet,people,are
moreover,he,says,irish,companies
we,have,to,study,their
we,must,find,any,way
the,two,groups,have,been
aeroflot,carried,about,million,passengers
an,apartment,complex,down,the
the,airport,'s,biggest,supplier
from,the,port,of,each
what,aeroflot,does,n't,pour
aeroflot,thus,pays,its,landing
last,year,the,irish,airport
aer,now,manages,duty-free,sales
duty-free,shops,in,'s,airport
aer,is,talking,about,similar
aeroflot,'s,international,fleet,of
thanks,to,a,new,agreement
the,fare,to,is,irish
a,formal,blessing,of,sorts
when,it,opened,in,shannon
advances,in,aircraft,fuel,efficiency
as,a,result,ireland,did
in,fact,aer,started,russians
today,aer,is,making,a
and,with,those,contacts,in
then,perhaps,mr.,'s,ideas
britain,'s,industrial,production,rose
output,in,the,energy,sector
the,latest,figures,compare,with
when,corp.,begins,shipping,steel
the,new,technology,which,creates
an,kenneth,iverson,'s,chairman
we,'ve,had,the,russians
everyone,in,the,world,is
especially,his,neighbors,the,major
already,usx,corp.,and,armco
says,the,chief,executive,officer
the,steel,industry,is,about
new,efficient,and,sophisticated,processes
it,also,enables,minimills,finally
but,such,technology,is,only
eager,engineers,and,direct,casting
those,massive,structures,while,cost
there,'s,a,revolution,ahead
it,is,n't,that,major
in,fact,they,'ve,spent
moreover,their,balance,sheets,are
it,'s,no,longer,enough
you,have,to,beat,everyone
he,wants,to,see,steelmakers
the,problem,they,'re,with
and,try,new,dollars,free
the,technology,revolution,is,going
they,'ve,got,too,much
no,one,expects,minimills,to
's,plant,in,ind,ultimately
still,flat-rolled,is,the,steel
moreover,the,process,is,n't
because,all,operations,are,connected
on,some,days,the,plant
at,this,point,the,capacity
indeed,with,demand,for,steel
in,the,past,says,armco
we,said,we,'ve,got
armco,'s,sales,representatives,visit
when,they,determined,that,gm
such,relationships,with,major,clients
for,example,when,detroit,began
but,steelmakers,must,also,find
after,letting,take,the,recycling
's,mr.,mccall,thinks,steelmakers
weirton,steel,corp.,weirton,w.
still,others,are,looking,at
usx,is,drilling,pipe,to
this,year,the,nation,'s
producers,also,are,trying,to
almost,all,programs,announced,by
but,unfortunately,that,segment,is
it,'s,like,everyone,climbing
after,a,while,someone,has
although,he,does,n't,expect
robert,crandall,with,the,institute
unless,there,is,an,enormous
not,to,mention,the,of
japanese,and,european,steelmakers,which
moreover,the,u.s.,can,expect
a,taiwanese,steelmaker,recently,announced
people,think,of,the,steel
\,*,usx,ltv,bethlehem
polaroid,corp.,'s,damages,case
after,days,of,testimony,in
most,have,read,the,pre-trial
that,may,be,the,largest
the,highest,patent,damage,award
the,two,companies,later,agreed
few,analysts,think,it,is
it,'s,like,for,gold
you,might,find,something,but
and,eugene,glazer,an,analyst
a,trial,in,the,early
the,main,issues,remaining,are
if,so,the,damages,could
two,analysts,who,have,read
mr.,said,testimony,by,kodak
carr,told,kodak,on,many
but,irving,a,patent,expert
it,'s,difficult,to,be
observers,also,wonder,whether,judge
polaroid,claims,it,could,have
moreover,polaroid,contends,it,could
each,side,has,called,a
kodak,hired,robert,and,polaroid
there,'s,nothing,that,says
testimony,is,expected,to,continue
a,decision,is,n't,expected
international,business,machines,corp.,said
the,main,reason,was,a
ibm,which,the,poor,results
in,addition,ibm,noted,that
earnings,fell,to,$,million
that,compared,with,the,year-earlier
revenue,climbed,to,$,billion
the,computer,giant,whose,u.s.
the,company,said,in,a
we,do,not,see,anything
i,think,will,be,another
jay,stevens,of,dean,witter
both,estimates,would,mark,declines
mr.,stevens,said,he,kept
he,said,the,stock,has
the,stock,closed,yesterday,at
analysts,worry,that,the,disk-drive
a,key,part,of,the
and,the,input,i,'ve
on,leasing,bob,at,research
he,said,ibm,has,priced
but,he,said,ibm,would
he,said,ibm,has,not
bob,executive,vice,president,of
ibm,is,expected,to,get
but,the,basic,technology,in
ibm,is,gaining,momentum,in
but,it,'s,hard,to
the,disk,drives,will,sell
but,the,ibm,'s,highly
in,addition,ibm,'s,growth
and,expenses,up,in,the
in,the,nine,months,ibm
revenue,increased,to,$,billion
pepsico,inc.,'s,chairman,said
d.,wayne,calloway,also,chief
so,far,analysts,have,said
after,today,'s,announcement,that
the,official,said,he,also
in,the,soft-drink,giant,earned
results,for,will,include,about
in,composite,trading,on,the
the,company,said,third-quarter,sales
domestic,soft-drink,case,sales,are
mr.,calloway,blamed,the,slower
pepsico,said,its,soft-drink,prices
mr.,calloway,also,noted,that
international,soft-drink,volume,was,up
snack-food,increased,a,strong,in
excluding,the,british,snack-food,business
led,by,pizza,hut,and
sales,for,pizza,hut,rose
bell,has,turned,around,declining
same,for,kentucky,fried,chicken
the,operation,which,has,been
the,new,product,has,performed
after,a,four-year,$,billion
but,you,never,can,tell
president,bush,chose,martin,a
mr.,would,succeed,who,is
the,white,house,said,ms.
mr.,an,attorney,in,midland
he,met,mr.,bush,in
the,ferc,is,a,commission
mr.,'s,appointment,is,subject
administration,officials,said,a,date
california,real,estate,investment,corp.
the,dividend,represents,the,balance
the,company,said,it,hopes
hydro-quebec,said,it,notified,central
the,owned,utility,said,it
hydro-quebec,said,maine,regulators,'
it,would,now,be,impossible
the,contract,was,to,run
under,the,contract,hydro-quebec,was
hydro-quebec,said,maine,regulators,'
we,wo,n't,sign,any
he,said,hydro-quebec,already,has
nothing,has,happened,since,we
central,maine,said,it,is
chicago,options,traders,were,among
while,monday,'s,rebounding,markets
options,traders,were,hurt,worse
thus,options,traders,friday,were
jeffrey,miller,of,miller,&
that,may,just,be,the
an,options,contract,gives,the
options,traders,who,in,return
they,then,had,no,choice
the,latest,round,of,losses
making,matters,worse,was,the
but,while,the,merc,reopened
cboe,chairman,duke,said,that
exchange,officials,that,they,would
the,damage,was,so,bad
so,far,is,the,only
fossett,still,had,several,million
thus,in,an,unprecedented,arrangement
s.,iii,vice,chairman,of
steve,and,his,firm,were
a,package,of,credit,support
the,bailout,was,together,over
it,was,great,to,have
at,one,point,an,options
first,options,did,n't,have
yesterday,'s,rally,in,the
the,fossett,firm,had,some
a,federal,official,said,that
it,was,their,business,decision
officials,at,options,clearing,corp.
it,was,an,extraordinary,situation
mr.,stevens,declined,to,give
but,cboe,and,amex,officials
mr.,fossett,could,n't,be
foster,takes,off,her,herself
with,a,tape,playing,in
it,'s,like,an,in
the,room,in,question,is
there,amid,oil,paintings,and
on,days,that,i,'m
although,such,sessions,may,never
in,some,companies,middle,managers
ms.,foster,'s,is,nothing
nor,does,it,at,all
on,the,contrary,office,usually
the,massages,last,minutes,and
some,companies,including,even,pay
ms.,has,been,seeing,some
anthony,the,company,'s,chairman
massage,advocates,say,that,the
they,also,insist,that,is
the,blood,flows,to,your
when,you,leave,the,room
adds,the,who,her,trade
not,everyone,however,is,at
three,years,ago,the,internal
and,even,though,employees,paid
sometimes,with,the,release,of
and,you,ca,n't,have
last,month,the,complaints,and
now,we,'re,looking,for
massage,also,has,an,image
some,have,tried,to,get
but,massage,no,matter,how
last,year,the,research,and
phil,a,software,engineer,was
you,build,up,a,lot
but,after,about,eight,months
mr.,says,his,only,beef
in,my,view,massages,should
given,such,attitudes,some,corporate
russell,of,park,n.j.,says
he,visits,the,same,department
his,massage,chair,is,kept
this,is,common,with,a
managers,he,contends,are,afraid
my,vision,is,to,change
my,attitude,is,let,'s
occasionally,all,that,'s,needed
a,st.,louis,won,over
she,notes,that,she,also
i,pull,my,hair,back
if,i,go,in,there
the,father,of,on-site,massage
to,help,do,this,mr.
the,culture,is,not,ready
the,idea,is,to,keep
the,chair,is,a,way
sitting,in,one,of,mr.
customers,lean,forward,rest,their
ms.,the,grand,says,she
mr.,palmer,who,serves,as
a,in,colo.,had,a
three,minutes,into,the,massage
a,week,later,the,man
it,was,a,powerful,point
but,he,pulled,through,and
the,next,woman,was,older
but,it,'s,like,falling
despite,the,number,of,fans
linda,who,does,work,in
whole,areas,of,their,bodies
there,'s,nothing,like,skin
in,what,is,believed,to
the,syndicate,led,by,asia
but,several,weeks,ago,in
asia,development,and,declined,to
lenders,had,doubts,about,the
the,decision,to,cancel,the
while,some,commercial,lending,has
many,loans,are,being,especially
many,bankers,view,loans,as
the,canceled,shanghai,loan,leaves
the,company,owes,$,million
the,project,known,as,lotus
when,the,loan,agreement,was
unlike,most,loans,to,china
instead,the,banks,secured,a
the,loan,was,to,have
but,in,a,letter,sent
creditors,involved,in,the,project
instead,the,creditors,say,the
the,bank,syndicate,is,made
the,banks,in,the,syndicate
k,mart,corp.,agreed,to
the,proposed,merger,comes,as
k,mart,based,in,mich.
the,membership,concept,has,great
warehouse,clubs,typically,carry,general
shoppers,many,of,whom,operate
k,mart,tested,the,sector
but,the,chain,which,operates
pace,based,in,colo.,operates
the,company,had,losses,for
in,the,year,ended,jan.
the,company,turned,the,corner
warehouse,productivity,is,really,beginning
but,some,analysts,contend,k
even,if,you,look,at
in,my,opinion,you,would
ms.,of,painewebber,raised,a
if,k,mart,ca,n't
she,said,i,would,say
at,that,point,perhaps,diversification
but,k,mart,'s,mr.
for,instance,k,mart,is
it,also,operates,pay,less
in,composite,trading,on,the
pace,rose,$,to,close
a,k,mart,spokesman,said
under,terms,of,the,agreement
among,the,conditions,of,the
the,companies,said,pace,would
g.,william,president,of,stations
he,will,succeed,joel,who
traders,nervously,watching,their,quotron
a,minute,later,it,soared
it,was,crazy,said,neil
it,was,like,flying,without
but,those,who,said,this
quotron,systems,inc.,a,citicorp
the,prices,of,the,individual
meanwhile,there,was,an,awful
at,about,a.m.,on,the
is,the,market,up,or
at,the,time,quotron,was
stark,a,vice,president,who
it,'s,been,kind,of
to,matters,further,when,ual
that,was,the,new,york
a,spokesman,cited,a,technical
when,the,market,opened,at
it,was,a,case,of
meanwhile,some,currency,traders,at
but,it,was,the,quotron
dillon,read,'s,ms.,stark
it,was,the,second,time
at,the,start,of,trading
actually,it,was,down,only
quotron,said,that,which,lasted
a,quotron,spokeswoman,said,recent
she,said,quotron,switched,to
the,eyes,of,the,world
steven,f.,was,named,a
he,retains,his,current,positions
houston,attorney,dale,friend,representing
it,turns,out,mr.,friend
so,she,has,agreed,to
ms.,parks,'s,mother,also
so,does,mr.,friend,and
the,bizarre,arrangement,grows,out
last,month,mr.,friend,says
but,mr.,alexander,the,deal
i,never,agreed,to,it
when,ms.,parks,and,her
mr.,friend,says,he,passed
although,time,and,place,have
mr.,friend,says,he,agreed
ms.,parks,and,her,mother
mr.,alexander,for,his,part
mr.,alexander,says,he,the
however,he,acknowledges,they,have
mr.,friend,says,his,side
although,they,do,n't,delivering
after,two,years,of,drought
as,financial,markets,rebounded,trading
the,sudden,influx,of,liquidity
guys,were,money,in,there
the,s,&,p,futures
each,index,point,represents,a
for,the,first,time,since
many,institutions,and,individual,investors
since,the,crash,many,futures
more,than,traders,the,s
traders,were,shouting,bids,and
the,contract,fell,five,points
but,several,traders,quickly,stepped
the,market,near,friday,'s
the,s,&,p,contract
traders,five,feet,from,each
you,could,buy,at,the
several,of,wall,street,'s
salomon,brothers,was,among,the
brokerage,firms,as,a,rule
unlike,the,week,following,black
with,the,fbi,around,here
the,market,for,$,billion
but,the,junk,recovery,led
no,trading,existed,for,the
on,friday,trading,in,practically
nothing,traded,on,friday,and
but,we,had,a,fairly
at,drexel,burnham,lambert,inc.
now,i,feel,maybe,there
but,before,the,stock,market
yesterday,'s,rally,was,led
bonds,issued,by,and,american
but,traders,said,the,junk
liquidity,has,n't,returned,to
the,are,still,said,mr.
analysts,are,concerned,that,much
paul,associate,professor,at,the
mark,a,senior,vice,president
junk,bonds,are,a,highly
there,'s,a,whole,bunch
analysts,at,standard,&,poor
almost,$,billion,of,junk
you,could,still,have,some
it,'s,possible,to,have
i,'m,certainly,not,comfortable
but,yesterday,'s,rally,among
many,issues,bounced,off,the
in,contrast,he,says,the
traders,said,yesterday,'s,rally
in,addition,mutual,funds,did
sometimes,a,is,healthy,said
people,will,learn,to,be
if,they,do,good,credit
i,think,the,market,is
that,'s,a,question,a
financially,and,by,friday,'s
the,answer,say,academic,researchers
but,they,say,people,should
the,case,for,owning,stocks
if,you,look,at,years
a,dollar,invested,in,the
but,a,dollar,invested,in
the,longer,the,time,period
over,time,the,odds,increasingly
for,instance,ken,gregory,a
if,you,do,n't,need
stock-market,investments,also,help,balance
stocks,have,a,place,in
there,are,some,important,before
individuals,also,should,focus,on
people,also,should,n't,invest
you,may,have,to,sell
but,once,the,are,covered
he,says,individuals,should,consider
despite,the,strong,case,for
it,'s,very,difficult,to
our,markets,move,so,fast
individual,investors,face,high,transaction
the,cost,of,executing,stock
and,assuming,their,first,investment
that,can,reduce,returns,by
after,that,individual,traders,face
it,'s,very,tough,for
you,should,really,think,twice
then,too,many,individual,investors
so,what,'s,the,best
unless,an,individual,has,a
still,he,adds,i,could
george,douglas,first,vice,president
this,growth,sector,which,usually
it,'s,now,selling,at
moreover,mr.,douglas,sees,a
many,big,wall,street,brokerage
we,'re,seeing,a,real
the,pros,advise,individuals,to
they,say,that,'s,especially
friday,'s,correction,presents,a
buy,stocks,on,weakness,for
in,the,long,run,investment
in,this,method,a,person
that,cuts,the,risk,mr.
when,the,market,is,low
otherwise,if,you,put,all
a,disciplined,program,will,work
one,of,the,hardest,things
but,that,'s,just,the
compound,annual,returns,including,price
\,*,actual,performance,not
the,following,issues,were,recently
giant,industries,inc.,initial,public
fund,inc.,initial,offering,of
overseas,ltd.,initial,offering,of
donald,trump,who,faced,rising
separately,bankers,representing,the,group
but,a,lower,bid,could
mr.,trump,who,vowed,wednesday
he,said,he,might,now
the,manhattan,real-estate,developer,acted
news,about,ual,and,amr
ual,tumbled,$,to,$
together,the,two,stocks,havoc
some,said,friday,'s,market
after,reaching,an,intraday,high
some,takeover,stock,traders,had
he,still,has,n't,proven
he,'s,done,this,thing
he,'s,written,this,book
why,does,n't,he,just
mr.,trump,withdrew,his,bid
amr,had,weighed,a,wide
amr,had,also,sought,to
yesterday,mr.,trump,tried,to
i,believe,that,the,perception
amr,declined,to,comment,and
mr.,trump,never,said,how
however,he,only,received,federal
between,then,and,his,bid
in,an,attempt,to,persuade
amr,was,trading,at,around
assuming,that,he,paid,a
some,analysts,said,amr,chairman
however,other,knowledgeable,observers,said
some,analysts,said,they,believed
ray,of,dillon,read,&
i,'m,sure,he,still
i,was,never,sure,donald
what,happened,with,united,was
mr.,trump,never,obtained,financing
that,skepticism,would,leave,him
meanwhile,citicorp,and,chase,manhattan
officials,familiar,with,the,talks
at,$,a,share,the
the,first,ual,deal,unraveled
citibank,and,chase,had,agreed
together,citicorp,and,chase,received
but,other,banks,balked,at
officials,familiar,with,the,bank
nor,is,the,group,likely
the,group,'s,advisers,want
even,if,the,buy-out,group
ual,'s,board,could,reject
los,angeles,investor,marvin,davis
in,addition,the,coalition,of
the,group,'s,resilience,gets
union,chairman,rick,faces,the
the,pilot,union,is,to
but,if,the,board,a
the,pilots,could,play,by
if,they,were,to,insist
also,because,ual,chairman,stephen
that,could,cost,him,the
influential,members,of,the,house
the,bill,whose,backers,include
the,bill,intends,to,restrict
such,agency,borrowing,is,unauthorized
the,complex,financing,plan,in
this,financing,system,was,created
another,$,billion,would,be
but,the,rtc,also,requires
that,debt,would,be,paid
it,'s,a,problem,that
the,agency,has,already,spent
other,working,capital,he,said
we,would,have,to,wait
the,complicated,language,in,the
the,law,does,allow,the
moreover,it,says,the,rtc
but,congress,did,n't,anticipate
that,leads,to,a,proposal
the,rtc,is,going,to
the,ways,and,means,committee
we,'re,about,to,see
hard,on,the,heels,of
their,mission,is,to,keep
just,days,after,the,crash
this,time,around,they,'re
painewebber,inc.,a,new,television
fidelity,investments,placed,new,ads
shearson,lehman,hutton,inc.,by
it,considered,running,them,during
other,brokerage,firms,including,merrill
the,brokerage,firms,learned,a
this,time,the,firms,were
fidelity,for,example,prepared,ads
when,the,market,went,into
the,ads,touted,fidelity,'s
a,fidelity,spokesman,says,the
a,lot,of,investor,confidence
to,maintain,that,dialogue,is
it,would,have,been,too
we,had,to,think,about
today,'s,fidelity,ad,goes
the,headline,diversification,it,based
it,goes,on,to,plug
painewebber,also,was,able,to
in,the,aftermath,of,the
it,also,negotiated,an,arrangement
the,new,painewebber,commercial,created
taped,just,as,the,market
we,continue,to,feel,that
the,spot,was,scheduled,to
painewebber,considered,an,even,harder
instead,it,settled,on,just
we,'re,saying,the,worst
if,you,owned,it,and
with,the,market,and,then
at,shearson,lehman,executives,created
the,plan,had,been,to
the,ad,would,have,run
but,in,a,meeting,after
we,do,n't,think,at
the,market,seems,to,be
in,any,case,the,brokerage
but,it,remains,to,be
in,despite,a,of,ads
now,the,firms,must,try
edward,former,chairman,of,della
mr.,who,resigned,his,della
john,the,agency,'s,president
separately,mcdonald,'s,corp.,oak
that,account,had,been,handled
a,ad,supplement,to,business
the,supplement,the,largest,ever
the,magazine,will,distribute,of
you,know,what,the,law
it,'s,what,explains,why
baseball,that,game,of,the
the,team,that,dumped,runs
much,of,the,damage,was
in,game,two,on,a
he,hit,a,pitch,from
so,what,if,had,struck
if,you,get,your,pitch
on,saturday,night,quite,a
mark,the,big,oakland,first
the,through,the,bottom,of
dave,stewart,held,the,giants
that,he,was,the,a
the,same,goes,for,mike
every,guy,they,put,out
he,'s,an,who,'s
the,of,the,is,that
the,to,with,here,says
that,'s,not,an,average
one,might,think,that,the
of,the,two,sat,side
a,few,folks,even,showed
i,'m,for,the,giants
the,only,thing,i,'m
the,above,represents,a,of
i,choose,to,believe,it
it,to,say,that,if
anyway,the,a,'s,gave
in,the,opening,game,besides
he,was,in,game,two
such,is,his,reputation,among
an,a,'s,of,the
he,toronto,in,the,playoffs
when,you,'re,in,the
the,cold,guys,in,the
they,combined,for,hits,six
they,went,a,collective,here
it,'s,that,last,set
i,believe,in,the,law
i,'d,rather,see,a
but,the,old,offered,no
when,it,goes,you,never
ncr,corp.,reported,a,drop
net,income,for,the,quarter
but,per-share,profit,dropped,only
average,shares,outstanding,dropped,to
revenue,fell,to,$,billion
the,computer,maker,which,sells
ncr,said,revenue,declined,both
the,company,however,said,orders
analysts,estimate,those,gains,at
in,addition,to,a,general
these,factors,combined,with,a
in,the,year-earlier,fourth,quarter
mr.,said,he,lowered,his
revenue,projections,were,slashed,to
last,year,ncr,had,net
for,the,nine,months,the
revenues,declined,to,$,billion
in,new,york,stock,exchange
concerning,your,sept.,article,wall
if,the,firms,are,serious
why,not,extend,the,same
that,should,stop,a,lot
now,would,n't,that,be
steve,clark,a,shearson,lehman
at,jefferies,&,co.,j.
i,had,calls,all,night
people,are,looking,for,possible
for,many,of,london,'s
by,the,selling,was,at
but,as,the,day,ended
so,it,went,yesterday,in
in,the,wake,of,wall
and,before,the,opening,of
by,the,time,trading,officially
and,it,left,mixed,signals
tokyo,stocks,closed,off,a
at,jefferies,',trading,room
red,figures,on,the,screens
right,away,the,outnumbered,the
i,see,concern,but,i
the,jefferies,office,a,branch
this,is,not,the,sort
we,tend,to,run,a
jefferies,spent,most,of,its
all,the,takeover,stocks,scottish
seconds,later,a,sell,order
for,the,third,time,in
on,the,screens,only,two
because,tokyo,did,n't,collapse
he,targeted,shares,of,reuters
the,vivid,yellow,figures,showed
but,the,market,a,serious
when,i,want,to,buy
he,temporarily,abandoned,his,search
by,this,time,it,was
fundamentally,dangerous,mr.,smith,said
we,'re,in,for,a
by,midday,the,london,market
it,'s,falling,like,a
only,half,the,usual,crowd
conversation,was,subdued,as,most
at,p.m.,the,index,hit
france,opened,the,limit,down
spain,is,down,and,suspended
this,market,has,been,very
as,p.m.,wall,street,'s
in,the,center,of,the
they,saw,an,opportunity,created
as,wall,street,traders,dumped
investors,here,still,expect,ford
suddenly,after,about,minutes,the
the,mmi,has,gone,better
as,wall,street,strengthened,the
traders,shouted,as,their,screens
then,nine,minutes,later,wall
rally,rally,rally,shouted,shearson
as,the,london,market,rallied
the,london,index,closed,at
ambassador,paul,'s,statement,notable
is,n't,it,just,as
do,n't,be,such,a
the,house,aviation,subcommittee,approved
the,collapsed,plan,to,acquire
the,bill,is,expected,to
the,measure,drew,criticism,from
in,a,letter,to,subcommittee
deputy,transportation,secretary,also,sent
rep.,brushed,off,mr.,trump
he,also,said,the,fact
mr.,and,other,committee,members
but,they,cited,the,ual
aides,both,in,the,house
it,'s,still,on,the
the,bill,is,aimed,at
currently,the,transportation,secretary,does
supporters,of,the,legislation,view
in,general,the,bill,would
it,also,would,require,the
the,bill,would,allow,the
if,more,information,is,needed
all,the,witnesses,both,congressmen
but,several,committee,members,some
one,of,the,major,concerns
in,a,possible,prelude,to
it,could,be,a,long
we,'re,encouraged,that,talks
the,machinists,union,has,rejected
currently,average,pay,for,machinists
now,in,its,13th,day
with,a,strike,fund,of
after,the,third,week,on
work,at,boeing,continues,with
and,at,the,company,'s
under,kansas,laws,contracts,can
boeing,has,declined,to,say
union,officials,could,n't,be
dpc,acquisition,partners,a,hostile
dpc,a,group,led,by
dpc,holds,a,stake,in
a,dpc,spokesman,declined,to
in,american,stock,exchange,composite
dataproducts,which,had,been,seeking
the,company,'s,restructuring,includes
as,part,of,the,plan
jack,davis,dataproducts,',president
he,called,today,'s,announcement
share,prices,plummeted,across,europe
european,investors,have,further,reason
the,frankfurt,stock,exchange,which
in,london,prices,plummeted,in
west,german,economics,minister,helmut
there,may,be,one,or
the,economy,of,west,germany
paris,which,has,been,the
share,prices,fell,in,milan
prices,in,brussels,where,a
following,is,a,breakdown,of
one,of,the,sharpest,declines
the,dax,index,of,west
the,index,closed,at,down
by,comparison,two,years,ago
investors,may,have,reacted,so
this,time,however,many,small
they,all,went,in,the
he,said,he,told,clients
after,the,opening,was,delayed
the,beginning,was,chaotic,said
it,took,of,an,hour
institutional,investors,and,bankers,many
everybody,was,still,confident,including
that,is,why,everybody,was
some,big,institutions,including,banks
but,even,if,wall,street
some,of,west,germany,'s
a,drop,for,ag,and
dresdner,bank,last,month,said
yet,yesterday,'s,market,dresdner
headed,toward,a,record,drop
the,financial,times-stock,exchange,share
it,was,big,institutions,such
attracted,by,low,prices,and
volume,was,million,shares,more
late,buying,gave,the,paris
the,general,index,ended,down
there,was,a,volatility,in
when,wall,street,turned,around
brokers,said,that,as,the
trading,was,driven,primarily,by
when,wall,street,turned,however
j.p.,morgan,&,co.,swung
j.p.,morgan,as,expected,posted
the,reserve,addition,placed,the
the,latest,quarter,'s,loss
in,the,year-earlier,quarter,morgan
george,m.,analyst,at,prudential-bache
excluding,the,$,billion,provision
in,new,york,stock,exchange
net,interest,income,sank,in
the,interest,rate,on,short-term
morgan,received,$,million,of
such,loans,to,argentina,also
income,from,sources,other,than
these,increases,were,partly,offset
non-interest,expenses,grew,to,$
ncnb,corp.,'s,net,income
the,charlotte,n.c.,company,said
the,latest,quarter,included,a
the,strong,performance,however,with
in,the,third,quarter,nonperforming
totaled,$,million,or,in
included,in,the,increase,in
the,deterioration,in,credit,quality
the,higher,rates,paid,on
in,big,board,composite,trading
results,were,released,after,the
ncnb,texas,national,formed,from
ncnb,said,its,third-quarter,results
ncnb,raised,some,$,billion
last,week,the,banking,company
in,the,first,nine,months
security,pacific,'s,earnings,growth
net,rose,to,$,million
the,company,said,the,gain
these,loans,in,effect,replaced
as,a,result,security,pacific
security,pacific,shares,closed,at
the,earnings,represent,a,return
the,loan,growth,offset,continuing
security,pacific,reported,a,increase
nonperforming,loans,grew,slightly,to
security,pacific,'s,loan-loss,provision
non-interest,income,fell,in,the
non-interest,expense,grew,only,in
for,the,nine,months,net
lin,broadcasting,corp.,said,it
the,new,offer,which,seeks
mccaw,'s,revised,tender,offer
lin,is,asking,mccaw,to
bellsouth,has,notified,lin,that
the,lin,board,said,holders
mccaw,has,no,obligation,to
the,board,added,that,mccaw
in,national,over-the-counter,trading,lin
a,group,of,institutional,investors
in,a,letter,filed,with
in,composite,trading,on,the
dow,jones,publisher,of,the
telerate,has,rejected,the,offer
the,group,includes,cos.,and
among,other,issues,the,group
a,spokesman,for,dow,jones
our,offer,is,to,buy
u.s.,trade,representative,carla,hills
mrs.,hills,said,the,u.s.
if,a,solution,is,n't
however,in,canadian,trade,minister
questioned,about,the,in,the
the,u.s.,trade,representative,declined
canada,initially,had,an,export
this,action,was,defended,by
mrs.,hills,said,yesterday,that
we,fully,expect,that,canada
earlier,an,international,panel,set
mrs.,hills,said,the,u.s.
she,said,the,canadian,restrictions
to,spend,a,idle,day
the,guy,who,throws,an
corp.,said,it,completed,a
the,plan,would,permit,the
the,fdic,which,in,provided
in,exchange,for,the,other
in,exchange,for,the,$
also,under,the,agreement,debenture
bear,stearns,'s,chief,economist
were,it,true,that,a
bsn,corp.,said,it,will
under,terms,of,the,offer
each,warrant,allows,the,holder
bsn,currently,has,million,common
bsn,also,is,offering,$
the,company,said,it,can
the,offer,is,n't,contingent
bsn,said,it,is,making
if,all,the,bondholders,and
we,have,sufficient,cash,flow
the,offers,are,scheduled,to
merrill,lynch,&,co.,'s
at,merrill,lynch,net,was
total,revenue,reached,$,billion
the,firm,'s,drop,in
investment,banking,revenue,fell,to
merrill,lynch,'s,commission,revenue
revenue,derived,from,interest,and
fee,revenue,grew,to,$
the,brokerage,also,reported,a
bear,stearns,said,net,in
gross,revenue,rose,to,$
profit,from,trading,for,its
investment,banking,revenue,climbed,while
bear,stearns,is,the,holding
in,new,york,stock,exchange
separately,painewebber,posted,net,income
retail,profit,surged,but,the
a,year,ago,net,at
revenue,was,$,million,including
in,big,board,composite,trading
corp.,said,it,signed,an
purchase,of,the,structure,is
the,market,upheaval,apparently,has
individual,investors,investment,firms,and
but,several,large,banks,said
we,'re,seeing,nothing,out
that,'s,good,news,because
added,another,executive,at,a
now,as,for,tomorrow,hell
what,happened,friday,shows,that
no,with,systems,and,procedures
but,markets,can,operate,with
after,the,plunge,markets,agreed
the,new,york,stock,exchange
the,rationale,is,that,an
it,is,impossible,to,know
a,temporary,of,trading,may
but,there,is,also,the
what,happened,friday,was,the
the,futures,exchanges,followed,their
options,markets,stopped,trading,in
the,new,york,stock,exchange
with,nowhere,else,to,go
as,liquidity,on,that,market
had,the,futures,and,options
at,after,intense,telephone,negotiations
futures,trading,however,was,halted
at,this,point,the,options
it,is,time,to,recognize
traders,can,vary,their,strategies
it,therefore,makes,no,sense
to,achieve,maximum,liquidity,and
circuit,breakers,would,not,have
it,'s,time,for,the
let,'s,not,have,one
the,need,for,last-minute,telephone
the,new,circuit,breakers,if
the,rules,should,be,established
should,the,sec,and,the
in,many,ways,our,financial
the,new,york,stock,exchange
telephone,service,has,been,improved
of,course,specialists,',actions
witness,the,fact,that,trading
but,the,task,of,improving
mr.,former,chief,economist,of
a,unified,europe,labor,problems
the,social,worker,concerns,of
u.s.,companies,wanting,to,expand
corp.,and,international,say,unions
many,employers,have,already,begun
pfizer,fluor,and,ge,see
a,fan,was,n't,the
so,said,a,federal,judge
the,players,were,by,a
like,its,parent,that,year
after,the,game,lost,three
more,in,the,parking,lot
the,fan,said,he,was
the,judge,dismissed,the,fan
proposals,arise,for,coping,with
an,association,of,academic,health
it,also,recommends,better,retirement
but,it,opposes,an,american
over,a,third,of,hospitals
many,also,use,recruiting,bonuses
systems,signs,up,nurses,for
treating,employees,with,respect,is
it,'s,in,their,top
fully,of,employees,who,say
up,the,digs,about,employees
the,hours,of,work,will
curbing,wage,boosts,will,get
despite,warnings,aim,for,wage
temporary,workers,have,good,the
about,have,retired,from,a
losses,rise,but,they,'re
but,they,search,for,ways
a,third,of,companies,surveyed
about,reimburse,for,all,or
since,more,companies,give,aid
rjr,nabisco,pays,up,to
wo,n't,ensure,loss,coverage
federal,express,dow,chemical,ford
since,firms,offering,house,to
the,the,national,academy,of
now,that,'s,letter,carriers
yesterday,was,in,the,words
when,it,was,all,over
they,said,the,exchange,'s
we,had,no,operating,problems
all,the,things,that,we
prices,for,the,million,shares
while,reaching,blockbuster,yesterday,the
the,so-called,circuit,breakers,devised
despite,traders,',complaints,mr.
of,greater,help,the,big
chicken,chains,by,loss,of
fast-food,chicken,chains,faced,with
the,crest,report,which,tracks
chicken,business,is,off,largely
the,loss,of,more,customers
church,'s,fried,chicken,inc.
chicken,chains,also,are,feeling
new,management,at,kentucky,fried
and,the,chain,is,testing
kentucky,fried,chicken,also,is
but,some,fast-food,industry,analysts
a,kentucky,fried,chicken,spokesman
he,says,the,test,is
the,advertising,industry,is,with
but,the,company,declines,to
goldman,a,painewebber,inc.,analyst
they,'ve,been,he,says
pittsburgh,consultant,david,bear,is
his,radio,spots,that,offer
the,only,plug,for,the
the,messages,resemble,the,business
new,include,burt,hill,associates
its,radio,series,features,such
a,harder,sell,says,john
hospitals,have,signed,up,to
but,such,spots,can,be
there,'s,always,a,risk
it,'s,a,question,of
here,'s,a,retailer,that
big,bear,supermarkets,inc.,a
the,choices,will,be,based
but,the,chain,is,quickly
for,example,it,recommends,detergent
that,does,n't,procter,&
a,company,spokesman,questioned,the
in,fact,bros.,confirms,that
thomas,g.,big,bear,'s
our,intent,is,to,promote
and,it,'s,important,that
but,in,the,end,customers
big,bear,does,n't,care
says,mr.,we,'ll,still
does,count,at,least,in
a,study,by,'s,marketing
for,the,third,year,in
michael,j.,fox,replaced,bruce
health,and,human,services,secretary
if,she,is,by,president
dr.,novello,an,expert,on
she,has,also,served,on
dr.,novello,'s,office,said
the,newsletter,medicine,&,health
the,continuing,series,of,hud
nevertheless,such,as,the,national
kent,nahb,executive,vice,president
there,'s,nothing,unusual,about
but,the,nahb,was,created
through,the,years,the,association
yet,on,matters,close,to
the,hud,budget,has,dropped
we,'ve,taken,more,than
i,would,n't,have,a
but,nahb,support,for,subsidies
it,once,pushed,for,a
moreover,explains,one,hud,official
the,association,is,pushing,an
direct,federal,subsidies,for,housing
indirect,subsidies,through,the,fha
though,mr.,says,expanding,fha
more,important,housing,programs,run
the,fha,alone,lost,$
the,federal,government,has,had
all,told,the,federal,government
in,its,produced,publication,where
it,points,to,the,impact
but,while,the,nahb,has
the,association,a,majority,of
explains,macdonald,of,the,national
the,builders,like,the,subsidies
unfortunately,the,organization,'s,desire
two,years,ago,when,the
as,mr.,of,the,nahb
the,real,key,is,to
more,money,for,hud,will
is,this,what,the,home
see,related,story,and,bills
in,an,attempt,to,give
according,to,diplomatic,sources,in
the,only,strong,opposition,to
but,the,process,of,the
setting,a,date,to,start
french,president,mitterrand,fought,to
diplomatic,sources,said,mr.,kohl
the,latest,in,the,equities
when,asked,what,went,wrong
and,so,it,was,on
the,grand,of,this,parade
even,if,that,is,so
the,began,friday,afternoon,when
although,the,expects,to,patch
lots,of,other,made,up
as,usual,few,favorable,reviews
what,really,spooked,the,along
gray,friday,reflects,a,panic
deal,stocks,led,the,market
ual,which,triggered,the,slide
amr,opened,monday,at,$
hilton,lost,on,friday,paramount
a,careful,look,reveals,that
the,multibillion-dollar,prospects,where,the
the,market,for,so-called,junk
the,growing,financial,difficulties,of
investors,have,reacted,by,ignoring
as,a,result,high-yield,mutual
these,are,all,market,excesses
of,course,washington,had,n't
if,it,is,correct,to
after,all,the,stock,market
is,this,a,case,where
to,the,extent,that,friday
the,national,economic,interests,are
the,recent,difficulties,in,the
if,takeover,premiums,become,excessive
yes,the,broader,exchanges,got
the,arbitragers,and,takeover,got
if,you,identify,with,the
if,you,side,with,the
the,truth,is,washington,understands
although,the,average,citizen,is
any,such,attempt,to,good
far,better,for,policy,makers
mr.,former,top,economist,at
tokyo,share,prices,rebounded,tuesday
the,index,slid,points,or
in,the,first,minutes,of
by,a.m.,tokyo,time,the
monday,'s,slide,came,in
shares,also,closed,sharply,lower
other,asian,and,pacific,markets
all,eyes,were,on,tokyo
but,rather,than,set,the
still,despite,the,sudden,of
we,did,n't,trade,much
we,would,like,to,wait
the,institutions,appeared,confident,that
but,in,the,absence,of
at,the,close,the,nikkei
the,broader,tokyo,stock,price
the,day,'s,decline,was
but,volume,was,thin,at
the,market,opened,sharply,lower
a,midmorning,rebound,brought,it
the,smaller,stocks,in,the
the,tokyo,stock,exchange,index
many,investors,trying,to,outperform
japanese,investors,and,traders,expressed
but,its,performance,did,bear
on,oct.,the,friday,before
this,time,wall,street,'s
two,years,ago,tokyo,'s
thus,market,participants,yesterday,were
but,in,new,york,yesterday
a,director,at,yamaichi,investment
now,we,are,looking,for
for,us,institutional,investors,the
general,manager,of,the,investment
he,described,friday,'s,plunge
unless,there,is,a,panic
those,shares,which,had,posted
we,have,no,plans,to
he,said,friday,'s,wall
among,other,asian,and,pacific
major,indexes,declined,more,than
manila,seoul,taipei,and,escaped
brokers,and,fund,managers,said
it,'s,pure,psychology,said
markets,in,this,region,are
several,analysts,said,malaysia,and
hong,kong,is,the,region
singapore,took,the,hit,because
she,pointed,out,that,even
similarly,kuala,lumpur,'s,composite
in,hong,kong,the,hang
trading,was,heavy,at,about
but,the,session,was,orderly
richard,a,director,at,hong
if,new,york,does,n't
in,australia,sydney,'s,all
but,volume,rose,only,to
an,analyst,at,brokerage,firm
london,'s,financial,times-stock,exchange
at,its,low,shortly,before
the,financial,times,30-share,index
volume,more,than,doubled,to
prices,on,the,frankfurt,stock
the,decline,in,the,german
retail,investors,dumped,holdings,on
analysts,cited,memories,of,two
here,are,price,trends,on
to,make,them,directly,comparable
the,percentage,change,is,since
frank,lloyd,wright,is,reported
we,'ve,always,thought,that
what,else,is,one,to
if,passed,by,the,voters
the,initiative,is,based,largely
the,environmental,defense,fund,is
not,only,californians,but,all
the,initiative,bars,the,sale
kansas,wheat,farmers,and,florida
in,other,words,california,is
as,usual,the,green,lobby
the,proposed,initiative,would,mandate
even,if,one,buys,into
but,if,rational,science,and
the,first,place,to,look
the,key,here,is,the
mr.,van,de,is,the
that,'s,also,the,day
the,initiative,seems,to,have
and,it,allows,mr.,van
he,can,spend,the,legal
this,initiative,is,being,labeled
the,republican,candidate,sen.,pete
while,it,is,possible,that
this,is,the,state,that
if,this,new,proposal,ever
the,initiative,creates,a,free
that,means,the,and,such
mr.,van,de,and,his
of,course,the,state,'s
george,bush,for,example,may
and,some,other,segments,of
this,initiative,will,help,california
first,there,was,a,death
spurred,by,waves,of,large-scale
it,was,the,advance,for
while,the,advance,cheered,investors
a,troubling,sign,declining,stocks
the,nasdaq,otc,index,closed
meanwhile,in,a,divergence,in
plunged,on,takeover,disappointments,in
ual,the,takeover,stock,at
overall,this,is,a,rally
everyone,was,a,little,concerned
it,'s,just,a,strange
i,do,n't,think,anyone
the,rally,gave,at,least
but,to,traders,it,looked
the,dow,jones,industrial,average
but,most,of,the,blue-chip
at,procter,&,gamble,one
the,dow,dropped,to,a
more,stocks,opened,over,the
then,to,make,matters,worse
there,was,heavy,stock-index,arbitrage
this,was,a,from,friday
the,of,the,program,selling
the,dow,accelerated,its,slide
with,program,traders,seemingly,in
then,at,the,dow,suddenly
and,this,time,it,was
all,the,selling,had,pushed
the,program,traders,were,in
but,according,to,one,trader
m.,director,of,the,new
with,the,market,down,like
trading,in,walt,disney,co.
according,to,big,board,officials
the,stock,opened,late,at
but,then,it,shot,upward
however,disney,specialist,robert,said
around,wall,street,trading,desks
at,donaldson,lufkin,&,jenrette
there,was,n't,a,lot
not,like,friday,where,they
still,the,market,had,n't
but,in,another,dramatic,burst
on,the,big,board,floor
peck,a,trader,in,shearson
around,him,scores,of,traders
among,big,board,specialists,the
it,was,on,the,upside
but,not,everybody,was,making
the,on,the,chicago,board
many,market,makers,in,the
over,the,weekend,clearing,firms
they,were,absolutely,killed,said
some,traders,said,that,the
james,a,partner,at,specialist
this,time,institutions,saw,the
then,when,the,market,was
however,according,to,one,analyst
futures,were,pulling,the,stock
although,the,big,board,'s
specialists,were,criticized,for,their
but,yesterday,even,with,halts
according,to,a,big,board
merck,is,one,of,the
no,sector,of,the,market
yet,from,the,dow,industrials
and,yesterday,the,top,performing
for,example,jumped,to,rose
because,of,the,ual,and
philip,morris,was,the,big
among,other,major,issues,coca-cola
shares,of,international,business,machines
shares,of,three,brokerage,firms
merrill,lynch,added,to,painewebber
federal,national,mortgage,association,a
at,a,news,conference,after
mr.,phelan,said,that,program
some,million,of,the,more
program,trades,make,up,of
mr.,phelan,expressed,relief,that
obviously,every,time,we,get
he,said,that,exchange,officials
meanwhile,peter,dapuzzo,shearson,'s
the,institutions,ca,n't,be
it,was,the,opposite,of
they,did,n't,panic,during
instead,they,bought,on,weakness
mr.,phelan,said,the,performance
they,did,an,excellent,job
wall,street,traders,on,friday
james,a.,white,and,contributed
west,germany,'s,green,party
the,greens,wanted,a,washington
a,appeals,panel,yesterday,refused
nasa,should,now,sue,for
a,house-senate,conference,approved,a
the,restrictions,would,cover,all
the,exemption,allowed,on,longer
by,a,margin,house,negotiators
but,the,compromise,was,soon
as,a,practical,matter,flights
within,the,senate,the,ban
the,measure,is,attached,to
from,the,outset,the,tobacco
but,the,industry,retains,support
majority,whip,william,gray,owes
although,the,smoking,provision,has
in,a,stark,lesson,in
anybody,can,vote,as,they
but,if,you,make,a
within,the,federal,aviation,administration
the,facilities,account,includes,$
leery,of,the,costs,and
texas,air,corp.,which,owns
the,industry,sought,to,impose
but,this,was,rejected,in
though,smaller,in,total,dollars
the,sum,is,more,than
congress,previously,cut,six,airports
the,impact,of,the,changes
among,rail,and,highway,accounts
and,grants,for,mass,transit
enjoying,several,blockbuster,movie,hits
sony,corp.,which,has,offered
sony,two,weeks,ago,agreed
warner,sued,sony,and,guber-peters
guber-peters,'s,net,income,in
the,company,said,revenue,rose
a,group,including,jon,m.
as,previously,reported,holdings,corp.
in,a,filing,with,the
officials,at,based,in,pittsburgh
congress,has,been,critical,of
last,month,the,senate,voted
senator,pete,calls,this,effort
the,poles,might,do,better
it,is,the,vast,shadow
maybe,after,the,staffers,explain
plc,a,financially,troubled,irish
the,results,for,the,half
in,a,sharply,weaker,london
the,company,reported,a,loss
there,were,n't,any,extraordinary
sales,for,the,total,group
has,decided,against,paying,an
said,the,appointment,of,a
the,sudden,flight,to,quality
the,setback,in,which,treasury
it,was,a,pretty,wild
our,markets,were,closely,tied
friday,'s,flight,to,quality
some,fixed-income,investors,had,expected
that,caused,investors,to,stocks
but,when,stocks,began,to
contributing,to,the,selling,pressure
among,the,firms,were,merrill
the,bond,market,seemed,to
the,closely,watched,rate,on
the,rate,is,considered,an
traders,said,yesterday,'s,modest
in,fact,some,economists,contend
others,note,that,some,investors
the,treasury,'s,benchmark,30-year
the,reversal,was,even,more
after,treasury,bill,rates,plummeted
the,bond-equivalent,yield,on,three-month
investment-grade,corporate,bonds,mortgage-backed,securities
but,prices,of,junk,bonds
junk,bonds,opened,as,much
some,traders,said,the,high-yield
in,particular,they,said,firms
i,think,the,willingness,of
u.s.,treasury,bonds,were,higher
the,benchmark,30-year,bond,for
but,as,japanese,stocks,rebounded
many,u.s.,trading,operations,wanting
most,of,the,action,was
jay,who,often,trades,overnight
we,went,down,point,in
in,tokyo,trading,is,halted
tokyo,'s,market,turned,out
when,the,market,opened,here
the,bond,market,'s,focus
industrial,production,is,expected,to
the,august,trade,deficit,is
a,widening,of,that,magnitude
it,could,do,damage,to
meanwhile,agency,supply,is,expected
tomorrow,the,resolution,funding,corp.
resolution,funding,is,a,division
and,this,week,the,tennessee
there,'s,lots,of,supply
we,have,a,couple,or
prices,of,treasury,bonds,tumbled
the,benchmark,30-year,treasury,bond
the,yield,on,the,benchmark
the,latest,10-year,notes,were
short-term,interest,rates,fell,yesterday
the,average,discount,rate,on
the,average,discount,rate,was
rates,are,determined,by,the
thus,higher,bidding,narrows,the
the,percentage,rates,are,calculated
the,13-week,bills,mature,jan.
investment-grade,corporate,bonds,ended,one
foreign,bonds,surged,as,the
among,benchmark,issues,japan,'s
west,germany,'s,issue,due
britain,'s,bond,due,ended
mortgage,securities,gave,up,most
dealers,said,morning,activity,was
government,national,mortgage,association,securities
federal,home,loan,mortgage,corp.
on,friday,mortgage,issues,gained
late,yesterday,ginnie,mae,securities
traders,said,there,were,some
offsetting,the,purchases,were,continued
there,was,no,new-issue,activity
rebounding,stocks,and,weaker,treasury
the,session,losses,left,municipal
trading,was,hectic,during,the
started,the,session,flat,to
professionals,dominated,municipal,trading,throughout
traders,said,retail,investors,seemed
new,jersey,turnpike,authority,'s
florida,board,of,education,'s
the,issue,of,bridge,and
and,county,va.,water,authority
serial,bond,yields,were,up
corp.,kansas,city,mo,said
a,spokesman,said,runaway,medical
the,business,men,'s,assurance
's,investment,banker,alex,brown
transportation,ltd.,said,it,raised
a,spokesman,for,declined,to
the,spokesman,said,would,n't
a,security,services,and,auctions
is,by,canadian,pacific,ltd.
co.,a,japanese,maker,of
sales,surged,to,billion,yen
net,income,rose,to,billion
net,fell,to,yen,from
without,detailing,specific,product,credited
export,sales,for,leisure,items
domestic,leisure,sales,however,were
hertz,corp.,of,park,n.j.
there,is,no,pressing,need
we,are,only,going,to
hertz,equipment,had,operating,profit
the,closely,held,hertz,corp.
hertz,equipment,is,a,major
it,supplies,commercial,and,industrial
inc.,reported,a,net,loss
it,said,the,loss,resulted
in,the,year-earlier,quarter,the
the,manufacturer,of,diagnostic,systems
in,over-the-counter,trading,fell,cents
corp.,expects,to,report,third-quarter
sales,for,the,producer,of
he,said,the,third-quarter,estimate
in,the,first,nine,months
mr.,simmons,said,the,third-quarter
he,said,capital,spending,next
u.s.,banknote,co.,said,it
u.s.,banknote,said,it,is
u.s.,banknote,said,it,believes
both,of,the,new,york-based
u.s.,banknote,said,there,can
it,also,said,the,tender
u.s.,banknote,said,citibank,extended
the,offer,made,june,has
closely,held,u.s.,banknote,offered
u.s.,banknote,said,that,as
gitano,group,inc.,said,it
under,the,terms,of,the
that,is,now,held,by
in,regatta,will,have,sales
gitano,which,makes,apparel,sold
this,fall,gitano,began,manufacturing
enron,corp.,houston,said,the
in,the,year-ago,quarter,the
those,results,included,a,$
in,a,related,move,enron
the,old,and,revised,numbers
enron,said,each,unit,will
net,proceeds,from,the,offering
goldman,sachs,&,co.,and
arthur,m.,goldberg,said,he
dig,acquisition,corp.,the,new
including,the,stake,dig,already
the,offer,which,also,includes
the,new,expiration,date,is
dig,is,a,unit,of
mr.,goldberg,is,the,sole
in,august,di,giorgio,a
in,new,york,stock,exchange
a,b.,black-and-white,c.,radio
if,you,black-and-white,you,'re
after,years,of,into,the
trendy,magazine,advertisements,feature,stark
portrait,studios,accustomed,to,shooting
and,black-and-white,photography,classes,are
what,'s,happening,in,photography
on,seventh,avenue,designers,have
and,classic,black-and-white,movies,are
the,is,back,to,black
until,two,years,ago,sales
but,last,year,buoyed,by
photographic,companies,are,scrambling,to
at,kodak,which,largely,ignored
the,rochester,n.y.,photographic,giant
aimed,at,commercial,the,film
also,trying,to,a,portion
recently,signed,olympic,gold,to
slated,for,market,by,the
the,biggest,of,the,black-and-white
sales,of,'s,four,of
we,hope,the,trend,lasts
for,baby,boomers,who,grew
it,has,an,almost,quality
you,can,shift,out,of
such,features,have,been,especially
processing,of,black-and-white,commercial,film
consider,gap,inc.,whose,latest
richard,the,account,manager,for
we,wanted,to,highlight,the
the,campaign,won,a,award
even,food,products,and,automobiles
companies,feel,black,and,white
other,companies,that,are,currently
portrait,studios,have,also,onto
using,black,and,white,we
his,photography,studio,in,ore.
one,customer,says,she,a
i,show,it,to,my
it,is,n't,ordinary,like
still,most,consumers,are,n't
one,big,obstacle,is,that
typically,it,must,be,to
black-and-white,film,costs,consumers,a
but,for,developing,costs,for
some,companies,are,starting,to
for,example,recently,introduced,a
intent,on,wooing,customers,the
similarly,is,scores,of,photography
and,kodak,is,distributing,an
other,companies,are,introducing,related
charles,co.,a,leading,maker
the,which,has,a,suggested
it,seems,computers,as,have
but,some,industry,observers,believe
they,cite,the,emergence,of
black,and,white,has,n't
the,color,print,today,is
you,ca,n't,say,the
but,when,popular,photography,a
it,'s,got,a,classic
newspapers,inc.,said,improvements,in
sales,rose,more,than,to
the,sacramento,calif.,company,also
for,the,nine,months,the
sales,grew,almost,to,$
publishes,the,sacramento,calif,and
in,composite,trading,on,the
agip,s.p,a.,and,societe
a,spokesman,for,said,that
those,two,offers,were,private
the,spokesman,further,said,that
suisse,owns,an,oil,refinery
while,friday,'s,plunging,stock
the,barometer,developed,by,analysts
the,latest,reading,of,was
the,august,rise,marked,the
in,contrast,the,commerce,department
its,behavior,through,much,of
but,the,far,stronger,showing
a,leading,authority,on,the
the,group,normally,only,when
no,meeting,is,scheduled,because
based,largely,on,the,recent
they,expect,a,rise,in
underlying,this,optimism,is,the
over,the,full,war,ii
the,comparable,lead,times,for
the,columbia,economists,also,have
the,indicator,reached,a,peak
it,was,an,entirely,different
a,major,source,of,the
in,august,the,bond,measure
it,also,rose,last,friday
other,components,of,the,long
notably,from,the,columbia,index
as,recently,as,the,stock
it,was,assigned,a,mark
the,stock,market,has,lost
stocks,have,become,more,sensitive
he,also,feels,that,the
bsn,s.a.,a,leading,french
the,value,of,the,acquisition
the,move,is,in,line
bsn,will,initially,acquire,a
the,french,group,has,an
the,takeover,was,submitted,for
is,west,germany,'s,producer
it,has,workers,at,three
the,acquisition,bsn,'s,position
the,french,group,currently,ranks
moody,'s,investors,service,inc.
the,agency,said,it,confirmed
american,continental,'s,thrift,unit
moody,'s,investors,service,inc.
the,rating,agency,also,reduced
the,rating,agency,said,about
the,were,prompted,moody,'s
moody,'s,also,said,it
the,stock,market,avoided,a
the,dow,jones,industrials,closed
the,rally,erased,about,half
the,dollar,also,rebounded,while
junk,bonds,also,recovered,somewhat
tokyo,stock,prices,bounced,back
the,dollar,also,moved,higher
donald,trump,withdrew,his,$
also,a,ual,group,tried
leveraged,buy-outs,of,airlines,would
ibm,'s,earnings,tumbled,in
the,computer,giant,partly,cited
analysts,are,about,ibm,'s
u.s.,auto,makers,plan,to
output,at,and,managed,plants
budget,director,darman,said,he
darman,hopes,to,congress,to
the,s,&,l,bailout
the,ways,and,means,plan
a,natural,gas,rule,was
the,regulation,had,prevented,pipeline
the,supreme,court,agreed,to
merrill,lynch,'s,profit,slid
bear,stearns,posted,a,gain
blue,arrow,of,britain,plans
the,moves,may,help,the
j.p.,morgan,posted,a,$
ncnb,'s,profit,more,than
k,mart,agreed,to,acquire
dow,jones,industrials,up,transportation
bonds,shearson,lehman,hutton,treasury
commodities,dow,jones,futures,index
the,key,u.s.,and,foreign
the,base,rate,on,corporate
federal,funds,high,low,near
reserves,traded,among,commercial,banks
the,charge,on,loans,to
the,charge,on,loans,to
commercial,paper,placed,directly,by
commercial,paper,high-grade,unsecured,notes
certificates,of,deposit,one,month
average,of,top,rates,paid
typical,rates,in,the,secondary
bankers,acceptances,days,days,days
negotiable,bank-backed,business,credit,instruments
london,late,eurodollars,to,one
london,interbank,offered,rates,libor
the,average,of,interbank,offered
foreign,prime,rates,canada,germany
these,rate,indications,are,n't
treasury,bills,results,of,the
federal,home,loan,mortgage,corp
standard,conventional,mortgages,rate,capped
federal,national,mortgage,association,fannie
annualized,average,rate,of,return
intel,corp.,said,it,reached
the,introduced,earlier,this,year
intel,based,in,santa,clara
under,the,agreement,intel,will
based,in,mass,will,license
said,it,plans,to,use
it,declined,to,discuss,its
inc.,which,intends,to,expand
said,it,expects,the,division
in,the,cincinnati,company,earned
said,the,division,operates,under
the,business,based,in,st.
burmah,oil,plc,a,british
james,alexander,a,burmah,spokesman
the,dutch,company,had,n't
shv,which,last,year,merged
burmah,which,owns,the,brand
j.p.,industries,inc.,said,it
terms,were,n't,disclosed,but
the,group,consists,of,corp.
j.p.,industries,which,is,based
the,company,'s,remaining,business
citing,a,$,million,provision
a,unit,of,troubled,southmark
operating,revenue,rose,to,$
the,company,said,the,$
the,company,also,said,expenses
national,heritage,stock,fell,cents
united,biscuits,holdings,plc,a
the,new,group,will,all
united,biscuits,said,the,combined
the,new,structure,will,enable
last,month,united,biscuits,agreed
an,american,journalist,now,is
this,is,the,place,that
the,most,likely,winner,will
the,u.s.,journalist,'s,crime
shortly,after,that,mr.,had
mr.,stanley,is,on,trial
the,stanley,affair,does,n't
to,the,extent,mr.,stanley
swapo,has,enjoyed,favorable,western
last,year,the,u.s.,a
the,elections,are,set,for
in,july,mr.,stanley,editor
he,interviewed,mr.,head,of
after,mr.,stanley,'s,article
mr.,stanley,was,arrested,and
both,the,state,department,and
mr.,stanley,'s,arrest,is
both,south,african,and,swapo
the,u.s.,is,in,the
it,now,has,the,chance
state,and,the,human-rights,community
commodity,futures,prices,generally,reflected
yesterday,the,stock,market,'s
later,however,it,became,more
gold,the,traditional,haven,in
copper,and,crude,oil,reacted
copper,fell,and,showed,little
crude,oil,declined,early,but
trading,in,cotton,and,sugar
in,chicago,grain,and,soybean
livestock,and,meat,prices,however
in,commodity,markets,yesterday,precious
the,spot,october,gold,price
the,more,active,december,delivery
december,silver,was,up,cents
platinum,behaved,more,like,an
gold,was,nowhere,the,spectacular
for,one,thing,last,friday
back,on,friday,oct.,the
the,october,contract,that,day
on,black,monday,oct.,the
yesterday,'s,october,gain,of
one,analyst,peter,of,&
what,the,stock,market,did
there,'s,a,good,chance
he,expects,a,drop,in
finally,according,to,mr.,the
this,would,be,damaging,to
worried,that,friday,'s,190-point
the,u.s.,benchmark,crude,west
some,analysts,said,crude,was
but,most,market,observers,agreed
until,yesterday,futures,prices,had
the,organization,of,petroleum,exporting
so,any,bearish,indicator,such
indeed,after,reacting,early,in
futures,prices,fell,and,showed
the,december,contract,declined,cents
prices,were,down,from,the
but,the,recovery,in,the
highland,valley,is,a,large
last,week,it,was,reported
now,the,analyst,said,only
for,all,and,purposes,an
copper,inventories,in,new,york
london,metal,exchange,copper,inventories
the,stocks,decline,was,about
however,this,was,brushed,aside
at,one,point,in,futures
it,was,simply,he,said
futures,prices,eased,more,in
the,december,contract,ended,with
technical,considerations,following,the,hurricane
prices,rose,sharply,friday,as
however,after,the,potential,effect
that,selling,continued,yesterday,and
weather,is,being,predicted,for
that,has,n't,yet,captured
the,march,contract,was,off
at,one,point,in,early
a,factor,one,analyst,said
india,recently,bought,tons,and
another,analyst,thought,that,india
india,may,have,felt,that
at,any,rate,she,added
the,prices,of,cattle,and
the,price,of,the,contract
the,prices,of,most,grain
earlier,in,the,session,the
a,broad,rally,began,when
knight-ridder,inc.,said,it,would
a,company,spokesman,said,he
the,knight-ridder,spokesman,said,the
the,spokesman,said,he,was
knight-ridder,said,it,agreed,with
in,new,york,stock,exchange
dd,acquisition,corp.,said,it
the,offer,has,an,indicated
dd,acquisition,is,a,partnership
as,previously,reported,under,the
dd,acquisition,said,that,it
dunkin,donuts,is,based,in
cara,operations,a,food,services
golden,west,financial,corp.,riding
the,company,earned,$,million
herbert,m.,chairman,and,chief
however,the,executive,noted,that
in,savings,activity,mr.,said
deposit,growth,amounted,to,$
corp.,benton,harbor,mich.,said
the,maker,of,home,appliances
earlier,repairs,the,cfcs,out
cfcs,are,widely,used,as
but,their,use,has,been
said,we,see,this,process
energy,corp.,dallas,said,it
said,it,did,n't,run
however,said,it,believes,the
the,field,has,estimated,reserves
an,independent,oil,and,gas
other,interests,are,owned,by
the,contract,area,is,held
environmental,systems,co.,said,it
the,little,rock,services,company
net,for,the,third,quarter
the,company,previously,reported,net
the,company,said,that,for
but,because,of,confusion,it
jack,w.,environmental,systems,president
memotec,data,inc.,said,it
in,american,stock,exchange,composite
in,montreal,exchange,trading,memotec
memotec,said,under,the,agreement
memotec,is,a,maker,of
memotec,said,the,agreement,calls
but,it,said,charles,johnston
memotec,said,the,tender,offer
isi,said,its,board,has
isi,said,it,can,withdraw
cms,energy,corp.,jackson,mich.
at,the,time,of,the
a,spokesman,said,million,shares
the,company,said,it,will
in,composite,trading,on,the
the,utility,company,currently,has
morgan,stanley,&,co.,will
hughes,aircraft,co.,a,unit
terms,of,the,agreement,were
but,for,the,fiscal,year
which,is,based,in,conn.
in,addition,to,making,systems
these,are,used,aboard,military
hughes,of,los,angeles,said
hughes,said,it,expects,the
the,communications,workers,of,america
's,new,jersey,commercial,local
both,the,union,and,the
the,new,three-year,contracts,which
the,follows,a,strike,against
meanwhile,and,international,of,electrical
the,unions,and,the,company
the,represents,nynex,workers,and
for,the,moment,at,least
the,dow,jones,industrial,average
among,those,with,relief,was
as,the,rally,gained,strength
at,first,it,seemed,as
as,trading,opened,yesterday,morning
by,the,dow,industrials,were
but,then,as,quickly,as
it,ended,with,a,gain
by,the,market,'s,close
the,big,board,handled,the
but,the,rally,was,largely
overall,more,big,board,stocks
and,many,arbitragers,already,reeling
indeed,the,dow,jones,transportation
the,frankfurt,stock,exchange,was
in,london,a,midday,rally
other,more,traded,asian,markets
investors,big,and,small,say
what,'s,more,such,short-term
stephen,boesel,a,major,money
in,wis.,who,owns,a
i,look,at,it,as
many,other,factors,played,a
the,federal,reserve,signaled,its
foreign,stock,markets,which,kicked
the,dollar,after,falling,sharply
and,the,widely,opinion,among
many,major,institutions,for,example
still,amid,all,the,and
there,is,too,much,says
computers,have,increasingly,connected,securities
so,investors,everywhere,nervously,yesterday
the,average,plunged,some,points
but,the,selling,wave,had
unlike,two,years,ago,most
in,merrill,lynch,&,co.
clients,are,all,staying,out
the,relative,calm,in,tokyo
frankfurt,'s,opening,was,delayed
the,beginning,was,chaotic,says
in,london,the,view,from
a,computer,screen,blue-chip,stocks
the,screen,was,a,sea
i,see,concern,but,i
london,'s,blue-chip,stock,index
when,trading,opened,in,new
futures,markets,in,chicago,had
with,sell,orders,up,from
by,the,industrial,average,had
ten,minutes,later,the,dow
but,shortly,before,then,some
the,first,thing,that,caught
it,meant,that,people,were
shortly,after,a.m.,the,major
stock,traders,were,buoyed,because
the,mmi,has,gone,better
shearson,'s,london,trading,room
traders,shouted,out,as,their
then,nine,minutes,later,wall
rally,rally,rally,shouted,shearson
major,blue-chip,stocks,like,philip
japanese,were,said,to,be
german,and,dutch,investors,reportedly
then,traders,say,corporations,with
walt,disney,co.,which,had
but,then,it,suddenly,burst
by,the,dow,had,turned
among,big,board,specialists,the
it,was,on,the,upside
what,we,had,was,a
this,technical,strength,spurred,buying
mr.,who,manages,$,billion
asked,what,stocks,the,computer
the,on,the,chicago,board
many,market,makers,in,the
over,the,weekend,clearing,firms
they,were,absolutely,killed,said
meanwhile,a,test,of,the
charles,a,strategist,at,merrill
moreover,the,announcement,that,real
instead,the,rally,only,for
the,market,closed,minutes,after
across,the,country,many,people
says,james,norman,the,mayor
i,much,prefer,money,i
while,mayor,norman,found,the
we,have,half,the,experts
ralph,a,farmer,and,store
says,gordon,fines,a,money
skipper,'s,inc.,wash.,said
acquisition,co.,a,national,pizza
national,pizza,said,the,transaction
in,national,over-the-counter,trading,skipper
skipper,'s,said,the,merger
skipper,'s,previously,turned,down
national,pizza,said,it,settled
also,skipper,'s,results,began
for,the,weeks,ended,sept.
east,germans,rallied,as,officials
in,what,was,considered,the
meanwhile,as,the,first,of
secretary,of,state,baker,in
gorbachev,blamed,the,soviet,union
at,a,meeting,friday,the
house-senate,conferees,approved,a,permanent
the,curbs,would,cover,all
e.,robert,was,sentenced,by
an,associate,of,general,was
nasa,resumed,the,for,today
the,space,agency,said,it
the,bush,administration,is,preparing
a,temporary,prohibition,was,imposed
while,anti-abortion,groups,are,opposed
delegates,from,nations,endorsed,a
five,african,nations,however,said
held,reconciliation,talks,with,at
it,was,the,leader,'s
they,announced,a,reduction,in
the,egyptian,president,said,he
seoul,and,reached,a,tentative
such,family,would,be,the
differences,remained,between,the,north
freed,black,resumed,political,activity
the,nation,'s,main,white
the,white,house,said,bush
the,washington,post,reported,that
poland,'s,legislature,approved,limits
the,vote,was,considered,a
norway,'s,king,installed,a
the,cabinet,is,led,by
el,salvador,'s,government,opened
a,spokesman,said,the,guerrillas
the,state,department,said,there
separately,secretary,of,state,baker
died,actor,and,director,in
novelist,and,sunday,in,paris
british,retail,sales,volume,rose
for,the,three,months,ended
chicago,investor,william,agreed,to
shortly,after,completing,the,$
included,in,the,sale,are
the,companies,said,the,agreement
they,said,the,sale,is
mr.,said,the,sale,of
he,did,n't,elaborate,on
mr.,followed,a,similar,pattern
but,he,kept,fruit,of
cluett,was,an,independent,company
in,the,fiscal,year,ended
sells,clothes,under,various,labels
a,spokesman,said,the,company
in,new,york,stock,exchange
britain,'s,blue,arrow,plc
blue,arrow,chairman,mitchell,fromstein
mr.,fromstein,disclosed,the,planned
the,name,change,and,good
u.s.,holders,now,own,more
in,the,u.s.,market,the
the,moves,also,could,shareholders
it,further,the,concept,that
the,proposed,changes,all,make
in,a,widely,publicized,coup
mr.,fromstein,his,control,in
but,the,blue,arrow,is
blue,arrow,was,able,to
under,british,rules,blue,arrow
as,a,company,blue,arrow
good,will,is,the,excess
but,with,so,many,shares
our,balance,sheets,look,like
the,british,version,shows,a
mr.,fromstein,said,he,hopes
people,close,to,blue,arrow
that,move,along,with,the
the,number,of,u.s.,temporary
blue,arrow,blamed,the,pretax
overall,pretax,profit,slid,to
richard,g.,sim,the,man
the,45-year-old,former,general,electric
but,analysts,while,the,acquisition
barry,wright,acquired,by,applied
the,mass,company,'s,sales
last,year,'s,earnings,of
besides,spurring,barry,wright,'s
the,question,is,how,long
the,answer,will,help,determine
the,butler,wis.,manufacturer,went
strong,earnings,growth,helped,achieve
the,stock,has,since,trading
but,mr.,sim,has,set
reaching,that,goal,says,robert
in,barry,wright,mr.,sim
applied,then,a,closely,held
while,profitable,it,was,n't
mr.,sim,is,confident,that
he,also,an,to,develop
mr.,sim,considers,the,new
with,a,little,patience,these
within,about,six,months,things
mr.,sim,figures,it,will
when,he,came,to,applied
he,was,named,chief,executive
at,applied,mr.,sim,set
he,took,the,company,public
sales,climbed,to,an,estimated
the,company,expects,that,earnings
