no,it,was,n't,black
but,while,the,new,york
some,circuit,breakers,installed,after
the,stock,specialist,firms,on
big,investment,banks,refused,to
heavy,selling,of,standard,&
seven,big,board,stocks,ual
once,again,the,specialists,were
james,chairman,of,specialists,henderson
when,the,dollar,is,in
speculators,are,calling,for,a
many,money,managers,and,some
then,in,a,plunge,the
trading,accelerated,to,million,shares
at,the,end,of,the
the,dow,jones,industrials,closed
the,dow,'s,decline,was
in,percentage,terms,however,the
the,dow,fell,on,black
shares,of,ual,the,parent
wall,street,'s,takeover-stock,speculators
at,p.m.,edt,came,the
on,the,exchange,floor,as
several,traders,could,be,seen
for,weeks,the,market,had
and,minutes,after,the,ual
at,this,point,the,dow
arbitragers,could,n't,dump,their
for,example,their,selling,caused
but,as,panic,spread,speculators
when,trading,was,halted,in
selling,because,of,waves,of
most,of,the,stock,selling
traders,said,most,of,their
now,at,one,of,the
under,an,agreement,signed,by
after,the,trading,halt,in
as,a,result,the,link
without,the,of,stock-index,futures
the,futures,halt,was,even
it,things,up,said,one
this,confusion,effectively,halted,one
in,a,stock-index,arbitrage,sell
when,the,airline,information,came
we,did,n't,even,get
the,dow,industrials,were,down
at,p.m.,at,the,end
meanwhile,during,the,the,s
big,board,chairman,john,j.
i,just,think,it,'s
under,another,post-crash,system,big
he,out,at,a,high-tech
at,about,p.m.,edt,s
buyers,stepped,in,to,the
but,the,of,s,&
at,about,the,s,&
futures,traders,say,the,s
during,this,time,small,investors
at,prudential-bache,securities,inc.,which
that,'s,when,george,l.
i,have,a,that,this
it,would,be,my,to
at,merrill,lynch,&,co.
the,release,cautioned,that,there
however,jeffrey,b.,lane,president
and,i,think,a,lot
it,'s,going,to,bring
as,the,dow,average,ground
jeffrey,of,program,trader,investment
while,friday,'s,debacle,involved
stock-index,futures,contracts,settled,at
at,those,levels,stocks,are
but,nobody,knows,at,what
the,between,the,stock,and
the,big,board,'s,mr.
but,the,exchange,will,look
obviously,we,'ll,take,a
see,related,story,fed,ready
but,specialists,complain,privately,that
mr.,phelan,said,it,will
concerning,your,sept.,page-one,article
it,'s,now,the,united
just,thought,you,'d,like
ports,of,call,inc.,reached
the,agreements,bring,to,a
the,company,said,a,portion
earlier,the,company,announced,it
a,consortium,of,private,investors
the,$,million,bid,includes
the,group,is,led,by
mr.,'s,company,specializes,in
the,assets,are,good,but
hooker,'s,philosophy,was,to
we,want,to,build,and
l.j,hooker,based,in,atlanta
its,parent,company,hooker,corp.
sanford,chief,executive,of,l.j
the,$,million,bid,is
not,included,in,the,bid
the,offer,covers,the,massive
the,mall,opened,sept.,with
other,hooker,properties,included,are
the,consortium,was,put,together
we,do,n't,anticipate,any
is,acting,as,the,consortium
according,to,people,familiar,with
l.j,hooker,was,a,small
the,company,grew,modestly,until
mr.,to,launch,an,ambitious
eventually,mr.,simpson,and,mr.
since,then,hooker,corp.,has
in,addition,robert,chief,executive
the,merksamer,chain,is,currently
reached,in,mr.,said,that
these,are,n't,mature,assets
managed,properly,and,with,a
canadian,production,totaled,metric,tons
the,week,'s,total,was
the,total,was,tons,up
the,treasury,plans,to,raise
the,bills,will,be,dated
they,will,be,available,in
bids,must,be,received,by
as,small,investors,their,mutual
unlike,the,weekend,before,black
and,many,fund,managers,have
at,fidelity,investments,the,nation
the,boston,firm,said,redemptions
as,of,yesterday,afternoon,the
two,years,ago,there,were
this,feels,more,like,a
friday,'s,stock,market,sell-off
some,shareholders,have,held,off
stock,fund,redemptions,during,the
but,fund,managers,say,they
many,have,raised,cash,levels
mario,for,instance,holds,cash
windsor,fund,'s,john,and
even,peter,lynch,manager,of
one,reason,is,that,after
i,'ve,let,the,money
not,all,funds,have,raised
as,a,group,stock,funds
that,was,modestly,higher,than
also,persistent,redemptions,would,force
but,a,strong,level,of
a,major,reason,is,that
sales,have,rebounded,in,recent
there,'s,not,nearly,as
many,fund,managers,argue,that
vincent,manager,of,the,$
and,today,he,'ll,be
fidelity,'s,mr.,lynch,for
if,the,market,drops,further
if,they,stocks,like,that
major,mutual-fund,groups,said,phone
but,most,investors,were,seeking
trading,volume,was,only,modestly
still,fund,groups,are,n't
they,hope,to,avoid,the
fidelity,on,saturday,opened,its
the,centers,normally,are,closed
in,addition,east,coast,centers
t.,rowe,price,associates,inc.
the,group,noted,that,some
but,most,investors,seemed,to
and,vanguard,among,other,groups
in,an,unusual,move,several
we,view,friday,'s,market
the,group,had,a,similar
several,fund,managers,expect,a
some,early,selling,is,likely
stock,funds,have,averaged,a
who,runs,shearson,lehman,hutton
but,she,expects,prices,to
this,is,not,a,major
nevertheless,ms.,said,she,was
half,of,them,are,really
she,added,if,they,all
the,backdrop,to,friday,'s
two,years,ago,unlike,today
from,the,investors,',standpoint
this,time,i,do,n't
newport,corp.,said,it,expects
the,maker,of,scientific,instruments
a,spokesman,added,that,sales
from,the,strike,by,machinists
peter,vice,president,for,planning
mr.,said,boeing,told,america
now,those,routes,are,n't
boeing,is,also,supposed,to
those,too,are,almost,certain
at,this,point,no,other
nevertheless,the,company,'s,reaction
it,also,is,sure,to
i,just,do,n't,feel
i,do,n't,think,their
america,west,though,is,a
i,figure,that,american,and
indeed,a,random,check,friday
southwest,airlines,has,a,boeing
it,'s,so,close,to
a,spokesman,for,amr,corp.
american,is,preparing,to,take
in,seattle,a,boeing,spokesman
meanwhile,supervisors,and,employees,have
as,of,friday,four,had
no,date,has,yet,been
we,want,to,make,sure
the,investment,community,for,one
though,boeing,'s,stock,price
the,market,has,taken,two
boeing,'s,shares,fell,$
but,mr.,baker,said,he
still,he,said,it,'s
i,would,n't,expect,an
last,week,boeing,chairman,frank
but,mr.,baker,called,the
he,added,that,the,company
in,separate,developments,talks,have
the,union,is,continuing,to
it,had,planned,a,strike
united,auto,workers,local,which
and,boeing,on,friday,said
the,planes,long,range,versions
&,is,a,unit,of
a,boeing,spokeswoman,said,a
ltd.,said,its,utilities,arm
's,senior,vice,president,finance
they,can,be,c,$
but,we,would,n't,go
we,'d,like,to,be
our,long,suit,is,our
mr.,would,n't,offer,regarding
britain,'s,government,plans,to
the,planned,electric,utility,sale
under,terms,of,the,plan
canadian,utilities,had,revenue,of
there,seems,to,be,a
this,is,a,real,thrust
canadian,utilities,is,n't,alone
we,'re,certainly,looking,at
mr.,said,enron,is,considering
pse,inc.,said,it,expects
in,the,year-ago,quarter,the
the,company,said,the,improvement
flights,are,$,to,paris
in,a,centennial,journal,article
diamond,offshore,partners,said,it
the,well,at,a,rate
diamond,is,the,operator,with
diamond,offshore,'s,stock,rose
&,broad,home,corp.,said
the,partnership,&,broad,land
&,broad,a,home,building
the,land,to,be,purchased
the,partnership,runs,the,risk
there,are,really,very,few
typically,developers,option,property,and
we,usually,operate,in,that
by,setting,up,the,joint
the,company,is,putting,up
this,is,one,of,the
when,the,price,of,plastics
the,timing,of,quantum,'s
the,company,much,of,the
mr.,said,of,the,boom
but,now,prices,have,and
some,securities,analysts,are,looking
the,stock,having,lost,nearly
to,a,degree,quantum,represents
having,just,passed,through,one
pricing,cycles,to,be,sure
and,the,financial,decline,of
we,were,all,wonderful,heroes
now,we,'re,at,the
at,quantum,which,is,based
once,known,as,national,&
mr.,years,old,declined,to
quantum,'s,lot,is,mostly
in,the,u.s.,polyethylene,market
but,its,competitors,including,dow
when,the,price,of,polyethylene
in,recent,months,the,price
benchmark,grades,which,still,sold
meanwhile,the,price,of,the
that,quantum,badly,because,its
by,many,accounts,an,early
china,which,had,been,putting
that,excess,polyethylene,would,soon
kenneth,mitchell,director,of,dow
people,were,even,bags,he
now,producers,hope,prices,have
they,recently,announced,increases,of
no,one,knows,however,whether
one,is,george,a,analyst
noting,others,',estimates,of
he,argues,that,efforts,to
a,quick,turnaround,is,crucial
the,company,is,trying,to
at,the,same,time,its
quantum,described,the,payout,at
some,analysts,saw,the,payment
whether,a,cash,crunch,might
some,viewed,his,response,that
but,others,came,away,thinking
in,any,case,on,the
on,top,of,everything,else
after,an,explosion,the,plant
two,workers,died,and,six
this,human,toll,adds,the
until,this,year,the,company
a,prolonged,production,halt,at
when,a,plant,has,just
but,the,numbers,become,and
you,say,you,could,have
and,then,you,still,have
quantum,hopes,the,morris,plant
the,plant,usually,accounts,for
not,everything,looks,grim,for
the,plant,expansion,should,strengthen
by,lifting,production,the,expansion
quantum,is,also,tightening,its
through,a,venture,with,its
is,the,second-largest,propane,distributor
the,largest,suburban,propane,was
still,quantum,has,a,crisis
some,analysts,speculate,the,weakening
the,name,in,rumors,is
asked,about,a,bid,for
rjr,nabisco,inc.,is,its
a,spokesman,for,the,new
the,spokesman,said,rjr,is
we,found,with,the,size
an,executive,close,to,the
the,spokesman,said,the,broadcast
the,broadcast,group,had,been
one,employee,with,the,group
he,said,the,company,hired
the,rjr,spokesman,said,the
the,studies,on,closing,the
the,group,'s,president,peter
the,u.s.,which,is,its
meanwhile,the,u.s.,has,negotiated
brazil,similar,to,mexico,and
brazil,and,venezuela,are,the
in,recent,years,u.s.,steelmakers
of,the,remaining,needed,the
other,countries,that,do,n't
some,of,these,countries,have
the,bush,administration,earlier,this
it,also,said,it,would
the,u.s.,termed,its,plan
mexico,which,was,one,of
south,korea,which,had,under
that,increase,rises,to,slightly
meanwhile,brazil,is,expected,to
the,ec,and,japan,the
the,ec,steel,industry,which
japan,has,been,shipping,steel
in,the,recent,talks,the
but,its,quota,has,been
japan,however,has,agreed,to
japan,the,ec,brazil,mexico
the,balance,is,supplied,by
the,u.s.,had,about,an
that,was,essentially,made,up
negotiators,from,the,white,house
these,increases,to,the,steel
inc.,expects,fiscal,second-quarter,earnings
a,telecommunications,company,had,net
george,chairman,and,chief,executive
the,lower,results,mr.,said
although,mr.,expects,that,line
among,those,is,the,company
within,the,next,year,expects
will,provide,a,credit-card,reader
mr.,said,should,realize,a
has,also,developed,an,automatic
automatic,call,processors,will,provide
the,company,will,also,be
mr.,estimated,that,the,processors
britain,'s,retail,price,index
medical,inc.,said,it,adopted
the,company,said,the,plan
the,rights,allow,shareholders,to
measuring,may,soon,be,replaced
procter,&,gamble,co.,plans
the,move,stems,from,learned
it,also,marks,p,&
the,cincinnati,consumer-products,giant,got
they,do,n't,want,to
retailers,in,phoenix,ariz.,say
a,p,&,g,spokeswoman
she,said,the,company,will
are,n't,entirely,new,for
the,company,introduced,a,in
when,attack,hit,the,shelves
with,the,help,of,p
while,the,japanese,have,embraced
the,company,may,have,chosen
with,however,it,is,n't
in,the,early,1980s,p
but,the,product,which,was
p,&,g,and,others
but,p,&,g,contends
and,retailers,are,expected,to
when,shelf,space,was,cheap
but,with,so,many,brands
if,the,new,sells,well
then,retailers,will,probably,push
competition,is,bound,to,get
to,be,sure,would,n't
officials,previously,have,said,they
it,also,has,a,facility
some,believe,p,&,g
this,is,something,p,&
with,economic,tension,between,the
they,expected,a,new,of
instead,they,got,a,discussion
mrs.,hills,',first,trip
mr.,mosbacher,called,for,concrete
he,said,such,results,should
but,mrs.,hills,speaking,at
she,added,that,she,expected
how,such,remarks,translate,into
american,and,japanese,officials,offered
many,called,it,simply,a
but,some,saw,it,as
others,said,the,bush,administration
and,some,said,it,reflected
asked,to,compare,her,visit
yet,more,than,one,american
i,think,my,line,has
i,am,painted,sometimes,as
i,do,n't,feel,either
i,feel,committed,to,the
when,she,met,the,local
she,business,practices,that,the
but,her,main,thrust,was
she,said,the,trade,was
at,her,news,conference,for
my,impression,was,that,you
but,i,am,relieved,to
mrs.,hills,',remarks,did
the,u.s.,share,of,the
many,americans,have,interpreted,a
at,one,of,her,news
but,she,stressed,i,am
i,will,not,enter,into
traditional,industries,inc.,said,it
the,seller,of,photographic,products
traditional,declined,to,estimate,the
in,the,year,ended,june
the,company,did,n't,break
in,the,latest,nine,months
separately,the,company,said,it
it,said,the,delay,resulted
under,an,agreement,filed,in
information,international,inc.,said,it
a,spokesman,for,information,international
information,international,said,it,believes
closely,held,morris,communications,is
the,units,that,filed,the
corp.,completed,the,sale,of
as,'s,core,business,of
a,spokeswoman,said,operates,a
operates,apparel,stores,in,the
the,oil,industry,'s,profits
major,oil,companies,in,the
the,gasoline,picture,may,improve
the,industry,is,seeing,a
that,change,will,obviously,impact
he,did,n't,forecast,phillips
but,securities,analysts,say,phillips
so,too,many,analysts,predict
typical,is,what,happened,to
it,has,plunged,since,july
a,year,ago,sold,for
a,big,reason,for,the
beginning,in,prices,began,accelerating
now,greatly,increased,supplies,are
third-quarter,profits,from,gasoline,were
refining,margins,were,so,good
oil,company,refineries,ran,flat
the,excess,supply,pushed,gasoline
in,addition,crude,oil,prices
refiners,say,margins,picked,up
during,the,second,half,many
crude,oil,production,may,turn
prices,averaging,roughly,$,a
demand,has,been,much,stronger
we,could,see,higher,oil
that,will,translate,into,sharply
while,oil,prices,have,been
in,the,third,quarter,they
last,summer,was,notable,for
this,summer,on,the,other
we,'ve,been,very,disappointed
the,lagging,gas,price,is
going,into,the,fourth,quarter
for,instance,natural,gas,currently
the,bush,administration,trying,to
most,of,the,western,european
they,plan,to,press,specifically
but,the,bush,administration,says
to,make,its,point,it
the,london,sunday,times,which
olivetti,reportedly,began,shipping,these
a,state,department,spokesman,acknowledged
italian,president,promised,a,quick
president,bush,called,his,attention
olivetti,has,denied,that,it
although,the,of,these,sales
it,seems,to,me,that
the,bush,administration,has,sent
last,summer,mr.,bush,moved
but,more,recently,the,pentagon
however,these,agencies,generally,agree
there,'s,no,evidence,that
salomon,brothers,international,ltd.,a
the,move,closely,follows,a
under,the,latest,offer,hk
the,million,warrants,will,be
in,trading,on,the,stock
at,this,price,the,shares
while,hong,kong,companies,have
salomon,will,cover,the,warrants
bankers,said,warrants,for,hong
the,hong,kong,telecommunications,warrants
financial,corp.,of,santa,barbara
in,a,suit,filed,in
financial,corp.,purchased,the,bonds
hotels,was,controlled,by,mr.
officials,at,drexel,said,they
in,addition,to,$,million
also,named,in,the,suit
financial,corp.,said,it,agreed
shortly,before,the,visit,mr.
however,the,agreement,was,canceled
financial,corp.,purchased,the,bonds
ideal,basic,industries,inc.,said
the,north,american,holding,company
but,'s,first,offer,would
ideal,'s,directors,rejected,that
under,the,agreement,will,own
ideal,'s,current,operations,will
the,transaction,is,subject,to
ideal,said,it,expects,to
while,corn,and,soybean,prices
and,they,'re,likely,to
for,one,thing,even,with
and,if,rain,does,n't
also,supporting,prices,are,expectations
by,next,may,stocks,of
that,would,be,the,lowest
stocks,were,million,on,may
in,response,to,domestic,supplies
the,government,estimates,that,the
it,now,estimates,production,for
but,the,full,effect,on
until,then,limited,stocks,are
on,the,chicago,board,of
in,theory,at,least,tight
such,a,situation,can,havoc
in,july,the,ordered,s.p
the,exchange,said,it,feared
has,denied,it,was,trying
hot,dry,weather,across,large
for,example,in,the,oklahoma
that,figure,to,about,in
the,soviet,union,has,n't
wheat,prices,will,increasingly,off
looking,ahead,to,other,commodity
orange,traders,will,be,watching
late,thursday,after,the,close
it,was,near,the,low
however,as,expected,brazil,waited
friday,'s,selling,of,futures
it,settled,with,a,loss
brazilian,after,a,delay,caused
brazil,wants,to,stimulate,demand
the,price,cut,one,analyst
it,'s,a,product,and
new,york,futures,prices,have
barring,a,cold,or,other
although,some,analysts,look,for
i,would,continue,to,look
friday,capped,a,week,of
on,the,new,york,mercantile
on,european,markets,meanwhile,spot
this,market,still,wants,to
he,predicted,that,the,november
there,has,been,little,news
analysts,generally,cite,a,lack
there,also,are,reports,that
many,traders,a,tightening,of
if,a,hostile,emerges,for
financing,for,any,takeover,attempt
but,the,beleaguered,british,advertising
last,week,saatchi,'s,largest
and,carl,spielvogel,chief,executive
mr.,spielvogel,said,he,would
the,executive,close,to,saatchi
but,otherwise,it,would,undoubtedly
the,executive,said,any,buy-out
mr.,spielvogel,is,n't,part
the,executive,did,n't,name
the,executive,denied,speculation,that
that,speculation,friday,as,industry
mr.,formerly,chief,executive,of
asked,about,the,speculation,that
he,was,brought,in,to
separately,several,saatchi,agency,clients
it,has,n't,had,any
john,director,of,advertising,at
we,are,n't,going,to
executives,at,backer,spielvogel,client
executives,at,prudential-bache,securities,inc.
mr.,spielvogel,had,said,that
california,'s,federal,bank,awarded
the,account,was,previously,handled
royal,crown,co.,has,ended
the,account,had,billed,about
as,expected,young,&,rubicam
the,government,has,charged,that
a,spokesman,for,the,u.s.
the,group,and,bozell,inc.
bozell,corp.,as,the,new
already,owns,korea,first,advertising
bozell,joins,backer,spielvogel,bates
citing,a,payment,from,a
the,maker,of,products,said
revenue,soared,to,$,million
said,its,results,were,boosted
said,effects,from,the,line
a,spokeswoman,would,n't,elaborate
benefited,from,robust,sales,of
in,the,fiscal,first,half
revenue,rose,to,$,million
robert,g.,years,old,was
he,retired,as,senior,vice
southmark,corp.,said,that,it
the,real,estate,and,thrift
the,company,asked,for,a
southmark,said,it,plans,to
alan,years,old,was,named
mr.,field,also,had,been
mr.,is,executive,vice,president
pcs,also,named,r.,executive
messrs.,and,are,directors,of
products,inc.,said,a,u.s.
based,in,sweden,had,charged
the,patent,is,related,to
in,its,lawsuit,is,seeking
a,spokesman,said,the,products
in,the,year,ended,aug.
said,the,court,'s,ruling
it,said,it,is,considering
the,company,added,that,it
said,that,the,court,scheduled
newspaper,publishers,are,reporting,mixed
adding,to,in,the,industry
in,new,york,the,teller
many,papers,throughout,the,country
until,recently,industry,analysts,believed
all,bets,are,off,analysts
improved,paper,prices,will,help
for,instance,co.,posted,an
's,daily,and,newspapers,reported
total,advertising,was,modestly,lower
at,usa,today,ad,pages
while,usa,today,'s,total
in,the,nine,months,'s
revenue,gained,to,$,billion
at,dow,jones,&,co.
net,fell,to,$,million
the,year-earlier,period,included,a
revenue,gained,to,$,million
the,drop,in,profit,reflected
ad,at,the,journal,fell
affiliated,publications,inc.,reversed,a
the,publisher,of,the,boston
william,o.,taylor,the,parent
third-quarter,profit,estimates,for,several
after,a,supply,crunch,caused
companies,with,daily,newspapers,in
mr.,at,salomon,brothers,said
trouble,on,the,east,coast
new,york,times,co.,is
times,co.,'s,regional,daily
washington,post,co.,is,expected
according,to,analysts,profits,were
the,has,faced,heightened,competition
knight-ridder,inc.,is,faced,with
however,analysts,point,to,positive
the,miami,market,is,coming
general,motors,corp.,in,a
in,announcements,to,workers,late
gm,is,under,intense,pressure
the,company,currently,using,about
just,a,month,ago,gm
now,gm,appears,to,be
one,reason,is,mounting,competition
another,is,that,united,auto
gm,officials,want,to,get
the,problem,however,is,that
against,that,backdrop,vice,president
the,auto,maker,'s,decision
gm,officials,told,workers,late
that,means,two,plants,one
the,will,idle,about,canadian
robert,white,canadian,auto,workers
but,canadian,auto,workers,may
workers,at,plants,in,van
gm,is,studying,whether,it
that,announcement,left,union,officials
the,van,plant,which,employs
jerry,local,president,said,the
at,the,oklahoma,city,plant
he,said,he,believes,gm
at,however,the,decision,appears
the,plant,was,viewed,as
union,officials,have,taken,a
dissident,members,have,used,the
merieux,s.a.,of,france,said
merieux,said,the,government,'s
canadian,investment,rules,require,that
the,french,company,said,the
both,merieux,and,connaught,are
the,government,'s,action,was
alan,executive,vice,president,of
he,said,it,has,reached
this,is,n't,a,change
mr.,issued,the,ruling,based
spokesmen,for,merieux,and,connaught
investment,canada,declined,to,comment
mehta,a,partner,with,mehta
this,has,become,a,very
mr.,mehta,said,the,move
the,university,is,seeking,to
the,university,is,considering,a
while,neither,side,will,disclose
some,analysts,such,as,murray
officials,for,the,two,concerns
french,state-owned,rhone-poulenc,s.a.,holds
international,inc.,said,it,canceled
the,company,said,it,planned
the,exchange,ratio,was,never
said,market,conditions,led,to
the,concern,said,however,that
suspended,its,payment,in,october
additionally,the,company,said,it
the,company,said,salomon,brothers
proceeds,will,be,used,to
currently,has,approximately,million,common
earnings,for,most,of,the
for,the,third,consecutive,quarter
analysts,said,that,merck,&
less,robust,earnings,at,pfizer
joseph,an,analyst,with,bear
as,a,result,major,new
analysts,said,profit,for,the
while,that,'s,not,spectacular
mr.,estimated,that,merck,'s
profit,climbed,even,though,merck
in,the,third,quarter,of
in,n.j.,a,merck,spokesman
mr.,said,he,estimated,that
the,drug,introduced,last,year
it,'s,turning,out,to
in,last,year,'s,third
several,analysts,said,they,expected
the,company,is,praised,by
the,company,'s,lean,operation
sales,are,expected,to,be
in,morris,plains,n.j.,a
squibb,'s,profit,estimated,by
the,company,was,officially,merged
mr.,of,bear,stearns,said
earned,$,million,or,cents
in,madison,n.j.,a,spokesman
the,company,expects,to,achieve
meanwhile,analysts,said,pfizer,'s
sales,of,pfizer,'s,important
the,strong,dollar,hurt,pfizer
in,the,third,quarter,last
in,new,york,the,company
analysts,said,they,expected,upjohn
upjohn,'s,drugs,are,a
sales,of,both,drugs,have
also,the,company,'s,drug
amid,a,crowd,of,stocks
the,software,company,said,it
it,said,analysts,had,been
revenue,is,expected,to,be
technology,reported,net,income,of
while,our,international,operations,showed
a,spokesman,said,the,company
mr.,said,he,accepted,the
the,company,said,mr.,wilson
technology,went,public,in,may
it,fell,$,a,share
its,high,for,the,past
in,the,previous,quarter,the
the,bronx,has,a,wonderful
however,most,people,having,been
but,'s,bronx,her,bronx
in,a,lovely,sleeping,arrangements
ms.,a,novelist,and,playwright
she,her,bronx,of,the
in,the,bronx,jewish,people
for,ms.,the,architectural,matched
and,funny,but,never,mean
little,as,ms.,calls,herself
she,was,raised,for,the
this,man,who,may,or
died,young,and,has,remembered
the,games,bronx,children,played
without,official,knowledge,of,sex
she,families,by,their,sleeping
her,friend,susan,whose,parents
her,friend,'s,father,was
maybe,became,so,with,where
when,died,her,moved,in
they,painted,the,apartment,orange
with,detail,she,recalls,her
's,no,baker,the,heads
the,book,loses,some,momentum
for,the,most,part,though
the,bronx,also,figures,in
but,both,the,past,and
for,his,sixth,novel,mr.
harry,is,now,a,writer
harry,the,old,days,of
line,by,line,mr.,'s
harry,has,avoided,all,that
but,it,does,n't,take
gulf,resources,&,chemical,corp.
in,the,epa,notified,gulf
the,area,is,with,lead
gulf,resources,earlier,this,year
the,company,said,that,as
the,company,which,issued,a
the,agreement,and,consent,are
gulf,resources,added,that,it
under,the,agreement,gulf,must
the,company,'s,net,worth
the,terms,of,that,agreement
in,addition,gulf,must,give
gulf,'s,net,worth,after
separately,the,company,said,it
many,of,the,nation,'s
assuming,that,the,market,does
this,is,a,reaction,to
if,we,get,rid,of
a,few,of,the,executives
people,wish,the,government,would
where,'s,the,guy,who
the,executives,were,by,the
i,'m,not,going,to
i,did,n't,bother,calling
there,has,n't,been,any
the,fact,that,this,happened
of,course,established,corporate,often
indeed,one,chief,executive,who
asked,whether,friday,'s,action
on,friday,morning,before,the
of,the,economists,who,worked
the,real,estate,slump,that
in,manhattan,store,sites,sit
retail,real,estate,brokers,say
there,is,an,amount,of
there,are,about,stores,for
they,wonder,should,they,sign
is,this,the,wrong,time
who,is,going,to,be
in,addition,ms.,says,tenants
a,handful,of,hot,retail
and,in,some,neighborhoods,have
but,on,average,manhattan,retail
that,follows,a,more,decline
the,same,factors,limiting,demand
as,businesses,contract,or,the
he,says,financial,problems,electronics
hardest,hit,are,what,he
in,these,locations,mr.,says
weakness,in,the,restaurant,industry
it,is,also,no,comfort
hooker,corp.,parent,of,teller
the,trend,toward,lower,may
but,despite,the,recent,softening
certainly,the,recent,drop,in
new,york,retail,still,run
madison,and,fifth,and,east
the,thriving,street,area,offers
by,contrast,in,the,best
and,on,beverly,hills,'
the,new,york,stock,exchange
precision,corp.,ore.,will,begin
it,makes,investment,and,has
royal,bank,of,scotland,group
it,will,continue,to,trade
the,american,stock,exchange,listed
aim,telephones,inc.,a,n.j.
columbia,laboratories,inc.,miami,began
the,pharmaceuticals,maker,had,traded
the,national,market,system,of
employee,benefit,plans,inc.,a
when,justice,william,marks,the
for,the,first,time,the
this,role,reversal,holds,true
but,are,these,four,players
every,indication,is,that,the
justices,and,stevens,appear,about
the,four,justices,are,no
but,always,in,years,past
now,however,as,the,court
the,change,is,most,dramatic
in,the,seven,supreme,court
last,term,alone,he,cast
but,justice,his,new,role
each,time,the,court,an
moreover,in,recent,months,he
he,has,said,that,he
associates,of,justice,marshall,say
we,could,sweep,it,under
he,like,justice,considers,highly
harvard,law,school,professor,laurence
the,in,the,warren,court
and,marshall,are,speaking,in
justice,who,will,turn,next
associates,say,he,takes,some
friends,and,associates,who,saw
and,his,outlook,improved,after
but,his,level,of,frustration
he,concluded,his,remarks,by
justice,stevens,is,probably,the
if,the,role,these,four
the,of,the,warren,court
the,government,sold,the,deposits
the,four,s,&,ls
two,of,the,four,big
a,canadian,bank,bought,another
under,these,deals,the,rtc
these,transactions,leave,the,bulk
in,these,four,for,instance
paid,premiums,ranging,from,to
the,buyers,will,also,be
after,that,the,buyers,may
but,it,'s,uncertain,whether
ncnb,for,example,has,been
the,rtc,had,previously,targeted
these,thrifts,are,said,an
for,example,the,delay,in
ncnb,continued,its,into,the
ncnb,will,acquire,university,federal
ncnb,texas,national,bank,will
as,a,measure,of,the
ncnb,also,acquired,freedom,savings
ncnb,will,pay,the,rtc
ncnb,will,also,acquire,$
meridian,bancorp,inc.,reading,pa.
meridian,will,pay,a,premium
it,will,also,purchase,$
in,the,first,rtc,transaction
royal,will,pay,the,rtc
it,will,also,purchase,$
the,following,issues,were,recently
american,co.,offering,of,common
limited,inc.,offering,of,up
california,performance,plus,municipal,fund
health,systems,inc.,proposed,offering
inc.,offering,of,one,million
trans,world,airlines,inc.,offering
time,magazine,in,a,move
in,an,announcement,to,its
in,a,related,development,the
however,because,the,guaranteed,circulation
time,is,following,the,course
in,recent,years,reader,'s
deep,discounts,in,and,offers
but,time,as,part,of
besides,time,executives,think,selling
just,give,people,the,wrong
that,perception,takes,the,focus
time,magazine,executives,predictably,the
what,we,are,doing,is
we,are,trying,to,create
however,time,executives,used,the
and,time,'s,paid,circulation
still,time,'s,move,is
it,'s,for,advertisers,to
a,few,drops,in,circulation
it,'s,not,a,show
mr.,said,the,changes,represent
the,question,is,how,much
time,'s,rivals,washington,post
both,magazines,are,expected,to
when,the,news,broke,of
they,said,follow,he,told
that,shows,how,far,ted
it,is,bigger,faster,and
its,niche,as,the,network
but,for,all,its,success
although,when,big,news,breaks
executives,worry,that,the,network
just,the,fact,we,'re
you,ca,n't,live,on
so,a,unit,of,atlanta-based
tonight,to,kick,off,the
the,show,will,be,by
the,new,show,is,perhaps
to,itself,is,also,expanding
it,is,paying,higher,salaries
and,it,is,on,an
the,next,stage,is,to
but,that,wo,n't,be
networks,like,other,consumer,products
it,also,takes,money,that
and,the,cable-tv,operators,'s
the,bid,is,aimed,at
already,is,facing,stronger,competition
in,addition,many,cable-tv,systems
wants,to,change,its,viewers
its,watchers,are,on,the
that,'s,less,than,one-third
the,brief,attention,viewers,give
's,habits,have,been,by
its,strategy,in,the,past
it,focused,on,building,up
it,filled,its,daily,schedule
now,the,push,is,on
our,goal,is,to,create
is,adding,a,show,in
and,it,is,exploring,other
then,there,'s,the,world
until,now,has,featured,its
but,of,the,households,that
mr.,says,the,team,will
some,in,the,industry,are
i,find,it,hard,to
the,evening,news,is,also
in,august,the,network,hired
she,'s,a,staff,of
executives,hope,the,created,by
that,'s,such,a,departure
they,'ve,never,shown,any
the,network,'s,salaries,have
recently,gave,most,employees,raises
says,mr.,is,my,wire
but,to,improve,they,'ve
in,any,case,operators,have
they,market,cable-tv,on,the
we,would,obviously,be,upset
the,second,u.s.,circuit,court
the,fundamental,rule,of,contract
in,the,litigation,the,courts
the,principle,in,the,cases
but,the,outcome,of,a
and,the,facts,as,found
when,you,suggest,otherwise,you
valley,federal,savings,&,loan
the,broken,purchase,appears,as
the,community,reinvestment,act,requires
the,transaction,announced,in,august
terms,were,n't,disclosed,but
valley,federal,said,friday,that
valley,federal,with,assets,of
imperial,corp.,based,in,san
in,the,first,six,months
call,it,the,we,'re
lawyers,for,dozens,of,insolvent
the,thrifts,',lawyers,claim
though,the,argument,may,have
still,one,federal,appeals,court
the,dismissal,of,the,pending
the,s,&,l,lawyers
and,the,argued,to,the
if,true,the,court,wrote
but,the,court,said,it
charles,a,lawyer,for,says
this,institution,is,just,brain
but,a,lawyer,for,investment
attorney,richard,jackson,of,dallas
we,'re,asking,the,court
we,'d,take,the,valley
kenneth,j,who,was,named
mr.,said,he,had,planned
a,new,president,was,n't
south,africa,freed,the,anc
thousands,of,supporters,many,flags
most,of,those,freed,had
the,sisulu,sentenced,to,life
the,releases,announced,last,week
considered,the,most,prominent,leader
but,his,release,within,the
the,soviet,union,reported,that
strikes,and,were,cited,and
bush,indicated,there,might,be
he,reiterated,his,opposition,to
the,president,at,a,news
the,white,house,said,have
the,administration,'s,policy,was
ten,of,the,nation,'s
the,justice,department,announced,that
secretary,of,state,baker,emphasized
nasa,the,space,shuttle,atlantis
the,spacecraft,'s,five,are
south,korea,'s,president,roh
roh,who,is,facing,calls
china,'s,communist,leadership,voted
the,decision,reported,by,the
hundreds,of,east,germans,to
more,than,others,escaped,to
in,leipzig,activists,vowed,to
's,president,met,in,southern
details,of,the,talks,described
plo,leader,arafat,insisted,on
he,made,his,remarks,to
in,the,occupied,underground,leaders
christian,lawmakers,presented,to,arab
a,plan,currently,under,study
hurricane,jerry,threatened,to,combine
thousands,of,residents,of,areas
a,group,of,arby,'s
the,decision,is,the,latest
at,the,time,a,group
is,a,holding,company,controlled
one,week,later,leonard,h.
friday,franchisees,announced,the,formation
the,franchisees,owners,or,operators
we,support,all,efforts,to
the,group,said,it,would
in,florida,a,senior,vice
september,'s,steep,rise,in
after,falling,for,three,consecutive
although,the,report,which,was
analysts,immediately,viewed,the,price
further,fueling,the,belief,that
that,rise,came,on,top
i,think,the,friday,report
but,economists,were,divided,over
the,overall,increase,is,serious
but,sung,won,chief,economist
i,would,say,this,is
the,core,rate,is,not
all,year,energy,prices,have
inflation,has,fallen,back,from
energy,prices,then,plummeted,through
overall,the,index,has,climbed
while,far,more,than,the
moreover,this,year,'s,good
some,analysts,expect,oil,prices
analysts,had,expected,that,the
i,think,the,in,inflation
he,predicted,that,inflation,will
but,van,president,of,the
if,you,examine,the,data
passenger,car,prices,jumped,in
many,analysts,said,the,september
although,all,the,price,data
prices,for,capital,equipment,rose
food,prices,declined,after,climbing
meanwhile,the,retail,sales,report
but,at,least,part,of
sales,at,general,merchandise,stores
producer,prices,for,intermediate,goods
prices,for,crude,goods,an
here,are,the,labor,department
financial,corp.,said,it,expects
in,the,year-earlier,period,had
's,president,and,chief,executive
he,said,nonperforming,assets,rose
approximately,of,the,total,of
estimated,that,it,will,provide
added,that,significant,additional,loan-loss
city,federal,operates,banking,offices
mr.,said,will,also,mark
that,action,said,will,result
also,said,it,expects,to
all,these,actions,mr.,said
he,added,however,depending,on
centrust,savings,bank,said,federal
in,a,statement,miami-based,centrust
regulators,also,ordered,centrust,to
david,l.,paul,chairman,and
he,said,the,thrift,will
the,suspension,of,a,preferred
in,march,regulators,labeled,centrust
in,the,same,month,the
for,the,nine,months,ended
centrust,which,is,florida,'s
since,april,it,has,its
mr.,paul,said,only,about
the,remainder,he,said,are
centrust,and,regulators,have,been
the,office,of,thrift,supervision
regulators,have,become,increasingly,about
the,legislation,requires,thrifts,to
in,american,stock,exchange,composite
in,a,statement,friday,mr.
he,also,said,substantial,reserves
in,the,third,quarter,for
mr.,paul,said,the,regulators
the,branch,sale,is,the
most,analysts,and,thrift,executives
many,interpret,the,delay,as
branches,and,deposits,can,be
centrust,however,the,branch,sale
it,said,the,sale,would
centrust,said,the,branch,sale
critics,however,say,the,branch
mr.,paul,that,he,intends
the,thrift,is,also,working
on,a,recent,saturday,night
but,perhaps,even,more,remarkable
as,the,economic,integration,approaches
but,much,of,what,the
the,most,opposition,to,american
so,far,the,french,have
a,through,the,television,listings
while,there,are,some,popular
more,european,air,time,is
one,of,france,'s,most
a,game,show,has,as
one,of,italy,'s,favorite
the,on,another,typical,evening
a,celebrity,guest,u.s.,ambassador
mr.,burt,nonetheless,paid,the
if,this,seems,like,pretty
european,programs,usually,target,only
in,germany,or,italy,rarely
attempts,to,produce,programs,have
one,annual,the,song,contest
another,where,from,european,countries
a,under,the,title,almost
for,the,most,part,what
the,of,the,british,crop
most,british,programming,is,more
there,is,for,instance,one
also,to,the,british,are
european,drama,has,had,better
the,most,popular,such,shows
a,french,of,dallas,called
black,forest,clinic,a,kind
italy,'s,most,popular,series
it,was,news,in,italy
spain,'s,most,popular,this
the,trend,is,pretty,well
given,a,choice,everybody,will
but,frequently,there,is,n't
thus,europe,has,begun,the
we,'ve,basically,got,to
while,some,in,the,u.s.
until,recently,national,governments,in
since,production,costs,were,guaranteed
but,not,much,money,was
now,however,commercial,channels,are
just,last,week,greece,authorized
the,result,is,a,new
but,perhaps,to,the,of
sky,channel,a,venture,of
the,financially,struggling,station,offers
in,a,madrid,hotel,room
in,bonn,in,milan,tim
british,aerospace,plc,and,france
the,joint,venture,which,may
after,two,years,of,talks
the,companies,hope,for,a
the,venture,would,strengthen,the
in,recent,months,a,string
already,british,aerospace,and,french
just,last,week,they,announced
the,sudden,of,british,aerospace
most,threatened,by,closer,british
but,neither,nor,unrelated,to
yesterday,a,source,close,to
companies,with,which,has,had
but,it,may,be,weeks
plans,first,to,study,ferranti
also,any,bid,might,be
a,consortium,bid,however,would
a,british,aerospace,spokeswoman,appeared
at,least,one,potential,partner
we,have,nothing,to,say
the,missile,venture,the,british
for,both,thomson,and,british
the,venture,'s,importance,for
thomson,feels,the,future,of
the,european,defense,industry,is
in,missiles,thomson,is,already
to,justify,ownership,of,the
annual,revenue,of,british,aerospace
british,aerospace,'s,chief,missile
thomson,missile,products,with,about
pipe,line,co.,said,it
canada,'s,biggest,oil,pipeline
canadian,crude,production,averaged,about
the,capability,of,existing,fields
mr.,said,volume,on,'s
there,has,been,a,swing
many,of,canada,'s,oil
the,number,of,active,drilling
mr.,said,the,main,reason
about,of,all,crude,produced
nearly,all,of,the,crude
canada,'s,current,oil,exports
that,ranks,canada,as,the
mr.,said,canada,'s,declining
it,'s,very,much,a
but,when,something,is,inevitable
mr.,stressed,that,the,delay
under,terms,of,its,proposed
the,system,currently,has,a
inland,steel,industries,inc.,expects
in,the,second,quarter,the
the,company,said,normal,seasonal
at,the,same,time,the
the,business,was,hurt,by
the,company,said,it,is
inland,said,its,third-quarter,results
in,the,year-earlier,third,quarter
predicting,the,financial,results,of
take,microsoft,corp.,the,largest
in,july,the,company,stunned
investors,taking,this,as,a
but,that,was,all,of
last,week,microsoft,said,it
the,announcement,caused,the,company
microsoft,'s,surprising,strength,is
it,'s,hard,to,know
to,illustrate,mr.,rogers,said
among,those,companies,expected,to
international,business,machines,corp.,also
apple,computer,inc.,meanwhile,is
another,message,comes,from,businessland
in,july,the,company,reported
this,month,however,businessland,warned
the,company,said,it,expects
while,the,earnings,picture,observers
companies,will,continue,to,war
in,computer,publishing,a,battle
until,recently,adobe,had,a
now,the,two,firms,are
the,short-term,outlook,for,adobe
the,company,is,beginning,to
the,program,is,aimed,at
john,adobe,'s,chief,executive
meanwhile,competition,between,various,operating
it,creates,uncertainty,and,usually
mr.,said,this,probably,is
he,expects,to,report,earnings
officials,could,n't,be,reached
on,the,other,hand,the
a,bus,is,the,data
ibm,is,backing,one,type
users,do,n't,care,about
he,said,apple,'s,family
the,gap,between,winners,and
in,personal,computers,apple,compaq
at,the,same,time,firms
some,lagging,competitors,even,may
technology,for,instance,is,considered
has,done,well,establishing,a
mr.,brown,estimates,whose,terminals
personal-computer,makers,will,continue,to
powerful,computers,designed,with,one
the,guys,that,make,traditional
as,a,result,of,this
but,they,will,have,to
mr.,benton,expects,compaq,to
a,of,new,computer,companies
population,drain,ends,for,midwestern
so,are,indiana,ohio,and
the,population,of,all,four
the,gains,to,be,sure
iowa,for,instance,saw,its
still,even,that,modest,increase
between,and,north,was,the
six,of,the,midwestern,states
the,northeast,has,been,holding
seven,of,nine,states,have
and,although,pennsylvania,and,massachusetts
at,the,same,time,several
seven,states,that,grew,in
overall,though,the,south,and
but,the,growth,gap,between
thanks,to,modern,medicine,more
and,even,after,losing,a
a,new,census,bureau,study
this,does,n't,mean,they
that,share,has,remained,at
what,has,changed,is,that
in,of,those,aged,to
as,people,get,even,older
but,even,among,those,aged
like,their,younger,counterparts,the
only,of,those,aged,and
the,likelihood,of,living,alone
more,people,are,remaining,independent
many,affluent,people,place,personal
at,least,that,'s,what
two-thirds,of,respondents,said,they
being,successful,in,careers,and
unlike,most,studies,of,the
average,household,income,for,the
the,goal,was,to,learn
although,they,represent,only,of
across,the,board,these,consumers
despite,their,considerable,incomes,and
percent,do,n't,even,feel
many,of,the,affluent,are
about,do,n't,feel,they
while,feel,some,about,being
percent,attend,services,regularly,at
the,number,of,women,and
the,american,bankers,association,says
the,share,of,minorities,in
personal,income,in,the,u.s.
the,amount,of,income,up
per,capita,personal,income,ranged
there,are,million,students,in
about,are,women,and,are
this,small,dallas,suburb,'s
trouble,with,a,capital,and
more,than,years,ago,prof.
now,spirits,on,'s,town
mayor,lynn,and,two,members
and,the,mayor,in,an
the,council,'s,action,is
obviously,they,'re,not,in
pool,is,hot,in,new
with,today,'s,tougher,drunk
besides,behavior,seems,unlikely,at
at,the,manager,elizabeth,wo
but,a,majority,of,the
introducing,pool,argued,would,be
it,would,open,a,can
is,no,to,cans,of
after,its,previous,mayor,committed
the,embarrassed,town,officials,although
i,think,there,'s,some
i,thought,this,was,all
the,only,thing,robert,goldberg
for,instance,white,is,not
richard,as,a,in,a
and,the,local,expression,for
and,even,if,a,would
sorry,the,show,does,not
of,all,the,ethnic,in
a,good,bet,would,be
or,so,it,must,seem
not,only,is,mr.,mason
here,in,neutral,language,is
mr.,mason,said,that,many
he,said,that,many,black
he,said,that,have,contributed
of,course,mr.,mason,did
as,a,of,ethnic,humor
he,said,were,sick,with
if,mr.,mason,had,used
it,probably,would,because,few
in,addition,some,of,mr.
for,example,the,new,york
people,are,fast,leaving,the
these,critics,fail,to,between
the,latter,typically,is,the
in,the,hands,of,a
but,by,a,pro,like
because,despite,all,the,media
that,'s,why,it,'s
as,elizabeth,wrote,in,the
the,question,is,if,group
do,n't,say,the,tv
it,is,true,that,the
but,these,are,not,the
in,chicken,soup,mr.,mason
it,'s,worth,noting,that
at,least,they,both,speak
it,could,n't,be,more
and,a,safe,one,imagine
back,in,the,1920s,the
and,it,has,remained,there
clearly,the,question,with,chicken
so,far,the,have,been
part,of,the,problem,is
to,some,extent,this,tendency
for,instance,michael,not,because
even,more,is,the,between
the,best,moments,in,the
but,too,often,these,lack
i,'m,not,suggesting,that
that,issue,like,racial,in
but,i,am,suggesting,that
at,your,age,you,ought
the,official,white,house,reaction
treasury,secretary,nicholas,brady,said
the,economy,he,added,remains
here,'s,what,ronald,reagan
there,is,nothing,wrong,with
after,the,crash,herbert,said
james,robinson,years,old,was
he,has,been,president,and
charles,j.,lawson,jr.,who
the,former,president,and,chief
the,senate,'s,decision,to
late,friday,night,the,senate
lawmakers,drastically,the,bill,to
we,'re,putting,a,deficit-reduction
but,senate,supporters,of,the
in,addition,the,companion,deficit-reduction
house-senate,negotiations,are,likely,to
no,one,can,predict,exactly
but,he,added,i,believe
white,house,budget,director,richard
we,do,n't,need,this
house,budget,committee,chairman,leon
the,senate,'s,decision,was
opponents,of,the,cut,are
senate,majority,leader,george,mitchell
and,a,senior,aide,to
one,obvious,place,to,a
such,legislation,must,be,enacted
the,senate,bill,was,back
because,the,legislation,has,n't
senators,hope,that,the,need
the,house,appears,reluctant,to
a,key,is,whether,house
although,i,am,encouraged,by
another,big,question,over,the
he,has,been,a,bill
but,republican,senators,saw,no
the,senate,bill,was,stripped
these,include,a,child-care,initiative
also,missing,from,the,senate
one,provision,that,was,originally
mr.,said,he,hopes,the
to,the,of,some,doctors
to,the,of,many,low-income
asked,why,senators,were,giving
things,had,just,gone,too
sen.,dole,said,that,the
it,worked,others,said,because
the,senate,also,dropped,a
in,addition,the,bill,dropped
it,no,longer,includes,a
it,also,drops,a,provision
also,was,a,increase,in
a,provision,that,would,have
the,approval,of,the,senate
mr.,mitchell,'s,relations,with
the,deficit,reduction,bill,contains
the,provisions,which,affect,mostly
prevent,companies,that,have,made
require,mutual,funds,to,include
close,a,regarding,employee,stock
the,measure,a,exclusion,given
curb,junk,bonds,by,ending
raise,$,million,by,for
speed,up,the,collection,of
impose,a,tax,on,chemicals
income,taxes,from,the,of
change,the,collection,of,gasoline
restrict,the,ability,of,real
increase,to,$,a,person
the,measure,also,includes,spending
reduction,of,medicare,spending,in
the,plan,would,impose,a
removal,of,the,u.s.,postal
a,similar,provision,is,in
authority,for,the,federal,aviation
increases,in,nuclear,regulatory,commission
direction,to,the,u.s.,coast
raising,an,additional,$,million
john,e.,contributed,to,this
in,response,to,your,overly
i,was,laid,off,in
my,unemployment,insurance,ran,out
the,statistics,quoted,by,the
i,think,what,bothered,me
to,top,it,off,you
looking,for,a,job,was
your,paper,needs,a,serious
bull,information,systems,inc.,is
in,friday,'s,edition,the
moody,'s,investors,service,said
the,agency,said,it,reduced
columbia,savings,is,a,major
new,federal,legislation,requires,that
columbia,savings,officials,were,n't
moody,'s,investors,service,inc.
the,rating,concern,said,franklin
they,perhaps,had,concern,that
i,think,it,was,a
just,when,it,seemed,safe
does,this,signal,another,black
or,is,this,an,extraordinary
here,'s,what,several,leading
i,'m,the,only,one
everyone,will,tell,you,that
well,in,some,ways,it
if,you,'re,a,you
right,now,they,'re,telling
i,see,no,major,support
i,see,a,possibility,of
mr.,says,he,would,n't
most,people,he,says,have
a,analyst,with,shearson,lehman
friday,'s,big,drop,she
this,was,an,october,massacre
now,as,in,those,two
so,she,thinks,the,damage
those,lasted,one,to,four
this,is,exactly,the,same
thus,she,says,if,the
as,she,it,the,average
she,says,that,ratio,could
friday,'s,fall,marks,the
but,mr.,davis,whose,views
there,was,a,unique,combination
margin,debt,was,at,a
there,was,tremendous,public,enthusiasm
the,main,thing,was,portfolio
a,hundred,billion,dollars,in
in,such,selling,contributed,to
today,could,even,be,an
over,the,next,several,months
i,think,the,market,will
we,will,probably,have,a
he,expects,the,downturn,to
that,would,be,a,normal
i,guess,that,'s,my
i,do,n't,think,the
i,do,n't,think,that
mr.,sees,this,as,a
i,expect,the,market,to
he,off,several,major,differences
unlike,interest,rates,have,been
unlike,the,dollar,has,been
and,unlike,the,economy,does
but,the,economy,'s,slower
so,it,'s,a,very
thus,he,concludes,this,is
if,i,had,come,into
but,we,came,into,friday
we,'re,going,to,look
this,is,the,latest,of
i,see,this,as,a
the,explosion,of,junk,bonds
this,has,both,made,investors
nevertheless,he,says,a,depression
there,is,more,in,the
it,takes,more,error,now
new,york,money,manager,mario
companies,are,still,going,to
examples,are,ford,looking,at
these,sorts,of,takeovers,do
the,market,was,up,since
he,thinks,another,crash,is
stocks,that,were,thrown,out
it,seems,to,me,that
he,sees,economic,problems,financial
friday,you,could,n't,sell
dealers,would,give,you,a
if,the,dollar,stays,weak
mr.,rogers,wo,n't,decide
he,recommends,that,investors,sell
many,people,now,claim,to
newsletter,writer,francis,actually,did
mr.,says,what,happens,now
if,it,promptly,cuts,the
if,not,we,could,go
stock,prices,would,still,have
renaissance,which,manages,about,$
renaissance,is,keeping,its,money
probably,are,the,right,place
regarding,the,oct.,letter,to
that,your,sept.,editorial,committees
i,thought,your,editorial,was
that,mr.,supported,the,rights
as,i,watched,him,on
he,did,repeat,those,nice
he,used,about,words,defending
unfortunately,by,my,rough,guess
he,his,of,constitutional,meat
as,your,editorial,pointed,out
that,certainly,is,not,the
that,his,committee,does,not
my,colleagues,and,i,fully
by,any,reasonable,man,mr.
right,now,they,'re,pursuing
that,'s,not,a,bad
how,was,that,practice,referred
yes,something,called,a,star
of,course,mr.,protest,that
no,doubt,that,'s,partially
everything,that,mr.,says,in
he,'s,right,about,his
but,if,his,explanation,of
why,not,simply,questions,designed
such,as,what,happened,when
no,mr.,'s,complaints,simply
that,the,journal,the,fraud
no,to,my,mind,the
it,defended,appropriate,constitutional,and
the,problem,which,the,journal
of,course,we,'ve,also
the,system,is,the,problem
individuals,can,always,have,their
it,'s,when,such,does
i,do,not,by,any
but,i,think,the,kind
the,last,time,i,saw
i,disagree,with,the,statement
the,fifth,amendment,states,in
this,privilege,against,the,drawing
thus,in,a,criminal,case
the,privilege,however,has,been
the,supreme,court,and,some
thus,in,a,civil,case
he,may,take,the,fifth
allowing,the,defendant,to,take
the,risk,of,such,prosecution
thus,when,mr.,asserted,the
the,subcommittee,congress,and,the
drawing,the,adverse,in,a
it,was,friday,the,13th
or,is,fear,of,the
in,a,so-called,friday,the
robert,and,professors,of,finance
but,their,study,which,the
in,the,the,market,took
but,the,date,tends,to
another,study,found,that,the
on,the,only,other,friday
professor,says,the,original,study
in,a,similar,he,adds
of,those,during,the,crash
we,could,n't,get,dealers
it,was,like,the,friday
whether,phone,calls,had,any
nonetheless,the,nasdaq,composite,index
ten,points,of,the,drop
by,comparison,the,new,york
on,oct.,the,nasdaq,composite
nasdaq,volume,friday,totaled,million
the,record,of,million,shares
there,was,n't,a,lot
most,of,the,complaints,about
mr.,king,of,and,others
the,subject,is,a,one
peter,dapuzzo,head,of,retail
there,were,too,many,phones
it,was,n't,we,were
james,head,of,otc,trading
everybody,was,trying,to,do
mullins,the,otc,trading,chief
but,he,added,you,can
market,makers,keep,supplies,of
on,days,like,friday,that
when,selling,is,so,prices
two,years,ago,faced,with
on,friday,some,market,makers
but,with,profits,sagging,on
mr.,of,hambrecht,&,quist
everyone,was,hitting,everyone,else
so,while,otc,companies,incurred
two,years,ago,we,were
i,do,n't,know,of
tony,head,of,equity,trading
it,helped,that,his,inventory
joseph,president,of,the,national
the,pace,of,trading,was
nasdaq,'s,small,order,execution
nevertheless,the,shock,of,another
in,the,past,the,otc
because,nasdaq,'s,trading,volume
we,were,just,starting,to
more,troubling,is,the,prospect
mr.,of,says,some,action
it,wo,n't,take,much
the,sellers,on,friday,came
but,traders,said,the,sell
shearson,'s,mr.,dapuzzo,said
institutional,investors,which,had,been
we,had,a,good,amount
if,they,could,n't,sell
in,addition,he,said,some
in,addition,mr.,dapuzzo,said
the,nasdaq,index,of,the
the,nasdaq,financial,index,of
the,otc,market,has,only
mccaw,cellular,communications,for,instance
the,turnover,in,both,issues
on,a,day,when,negative
the,issues,of,companies,with
on,the,otc,market,first
among,other,otc,issues,intel
the,key,u.s.,and,foreign
the,base,rate,on,corporate
high,low,near,closing,bid
reserves,traded,among,commercial,banks
the,charge,on,loans,to
the,charge,on,loans,to
commercial,paper,placed,directly,by
to,days,to,days,to
high-grade,unsecured,notes,sold,through
one,month,two,months,three
average,of,top,rates,paid
typical,rates,in,the,secondary
one,month,three,months,six
days,days,days,days,days
negotiable,bank-backed,business,credit,instruments
to,one,month,to,two
one,month,three,months,six
the,average,of,interbank,offered
these,rate,indications,are,n't
results,of,the,tuesday,october
federal,home,loan,mortgage,corp
posted,yields,on,30-year,mortgage
standard,conventional,mortgages,rate,capped
federal,national,mortgage,association,fannie
posted,yields,on,year,mortgage
standard,conventional,fixed-rate,mortgages,rate
annualized,average,rate,of,return
pension,funds,insurers,and,other
and,they,plan,to,buy
or,many,giant,institutional,investors
to,be,sure,big,investors
they,could,still,panic,and
but,their,performance,indicates,that
last,time,we,got,for
mr.,rogers,spent,half,his
he,expects,to,invest,the
portfolio,manager,james,craig,was
i,waited,to,make,sure
then,he,jumped,into,the
i,spent,$,million,in
other,money,managers,also,opened
i,was,buying,at,the
there,is,no,on,the
unlike,mutual,funds,which,can
most,often,they,do,just
if,you,bought,after,the
the,$,billion,california,public
the,last,crash,taught,institutional
those,that,pulled,out,of
stocks,as,measured,by,the
even,friday,'s,slump,leaves
you,could,go,down,points
mr.,however,worries,that,the
it,can,happen,before,you
he,said,he,many,parallels
the,only,thing,you,do
most,institutional,investors,have,abandoned
not,really,insurance,this,was
in,its,test,the,$
even,without,portfolio,insurance,market
neil,whose,new,york-based,capital
we,got,calls,from,big
mr.,predicts,stocks,will,appear
i,think,it,will,be
meanwhile,friday,brought,a,for
especially,were,the,short,sellers
the,sell,borrowed,shares,hoping
the,nation,'s,largest,operation
we,'re,ahead,for,the
we,'re,not,making,a
food,and,drug,administration,spokesman
neither,nor,any,of,the
won,approval,to,market,a
mr.,also,said,the,fda
but,so,far,the,company
the,subject,of,a,criminal
of,n.y.,earlier,began,a
the,fda,has,said,it
has,denied,that,it,switched
the,west,german,retailer,deutsche
the,eventual,court,decision,could
up,to,now,only,specific
should,the,courts,the,of
says,the,international,food,retailer
speaking,through,its,dutch,lawyers
it,was,previously,thought,held
a,spokesman,for,said,his
he,termed,'s,legal,actions
chase,manhattan,bank,chairman,butcher
there,are,some,very,significant
i,'d,like,to,see
there,is,n't,a,big
a,few,hours,later,the
politicians,tried,to,finger,each
but,mr.,butcher,'s,comments
by,p.m.,tonight,president,bush
the,cuts,are,necessary,because
we,simply,do,n't,have
for,the,last,two,weeks
the,administration,has,been,trying
one,of,the,things,that
the,administration,has,sent,out
last,month,transportation,secretary,sam
but,he,has,since,run
and,he,has,kept,on
some,analysts,say,uncertainty,about
in,many,ways,the,backdrop
then,as,now,the,budget
the,treasury,was,locked,in
and,concern,about,official,actions
the,crash,brought,the,reagan
but,barring,further,drops,in
lawmakers,and,administration,officials,agree
one,of,the,biggest,reasons
everybody,thought,we,were,looking
they,learned,they,could,survive
but,administration,officials,privately,agree
in,that,case,there,will
there,is,an,underlying,concern
nevertheless,it,clearly,will,take
hill,democrats,are,particularly,angry
there,is,no,prospect,of
during,last,week,'s,on
at,the,very,moment,that
when,an,agreement,was,reached
asked,if,the,administration,agreed
friday,'s,market,tumble,could
senate,republicans,expressed,the,hope
the,market,needs,a,strong
the,white,house,office,of
rep.,said,that,'s,figure
no,one,in,washington,was
but,some,players,were,quick
before,the,sun,had,set
investors,who,had,been,holding
there,have,been,many,reasons
the,following,u.s.,treasury,corporate
$,billion,of,three-month,and
two-year,notes,refinancing,about,$
three,million,shares,of,$
four,million,common,shares,via
million,class,a,shares,via
$,million,face,amount,liquid
million,common,shares,via,goldman
$,million,convertible,debentures,via
million,common,shares,via,merrill
million,common,shares,via,painewebber
two,million,common,shares,via
million,common,shares,via,montgomery
$,million,of,general,obligation
$,million,of,general,obligation
$,of,school,financing,bonds
$,of,various,bonds,including
$,million,of,kaiser,revenue
$,million,of,general,obligation
$,million,of,revenue,bonds
three,billion,of,power,bonds
university,of,medicine,and,of
$,million,of,series,c
west,virginia,economic,development,and
$,million,of,parkway,revenue
$,million,of,gas,and
south,health,&,education,facility
$,million,of,rapid,city
small,investors,matched,their,big
i,'m,not,losing,faith
but,he,'s,not,so
i,think,on,monday,the
and,i,think,institutions,are
i,'m,going,to,hold
if,i,sell,now,i
some,an,optimism,that,had
oh,i,bet,it,'ll
mrs.,said,her,investment,club
at,the,annual,congress,of
some,investors,representing,investor,clubs
but,robert,an,official,of
in,fact,some,of,the
we,hope,to,take,advantage
he,has,four,stocks,in
not,everyone,is,reacting,so
marc,a,tampa,fla.,investment
there,'s,no,question,that
mr.,believes,however,that,the
albert,a,dallas,law,student
i,have,this,feeling,that
she,and,her,husband,pulled
partly,because,of,concern,about
others,wonder,how,many,more
we,all,assumed,october,was
we,told,the,little,guy
mr.,greenberg,got,out,just
this,time,he,'s,ready
still,he,adds,we,ca
when,the,little,guy,gets
merrill,lynch,ca,n't,survive
small,investors,have,back,into
discount,brokerage,customers,have,been
hugo,senior,vice,president,at
individual,investors,are,still,angry
a,cornell,university,finance,professor
but,it,'s,not,only
alan,general,sales,manager,of
these,high,took,a,big
and,i,can,tell,you
everything,said,an,ohio,plumbing
i,just,stopped,by,to
would,mr.,ever,get,back
when,it,comes,to,money
the,crowded,field,for,computers
compaq,computer,corp.,'s,long-awaited
compaq,'s,series,of,a
one,manufacturer,already,has,produced
but,those,machines,are,still
compaq,'s,by,contrast,may
analysts,say,they,'re,faster
all,of,this,comes,in
in,recent,months,compaq,'s
one,analyst,noting,that,most
this,is,n't,quite,a
that,ca,n't,be,said
instead,of,a,it,features
at,pounds,it,may,be
corp.,'s,portfolio,introduced,in
some,critics,however,say,its
computer,corp.,meanwhile,has,introduced
at,stake,is,what,mike
the,market,is,so,new
i,'ve,had,a,lot
whether,it,'s,$,billion
consider,the,growth,of,which
generally,anything,under,pounds,have
responding,to,that,demand,however
making,computers,smaller,often,means
it,also,has,use,of
size,and,weight,considerations,also
the,competitive,can,get,pretty
a,spokesman,for,example,the
both,are,dismissed,by,notebook
trying,to,avoid,the,label
despite,the,few,question,the
toward,that,end,experts,say
compaq,'s,new,machines,are
but,the,product,is,twice
compaq,'s,announcement,also,trouble
zenith,holders,will,vote,in
compaq,is,already,taking,aim
rod,compaq,'s,president,and
john,p.,frank,president,of
we,do,n't,look,at
analysts,do,n't,see,it
i,ca,n't,imagine,that
adds,bill,senior,industry,analyst
the,problem,compaq,is,going
compaq,'s,machines,include,the
others,undoubtedly,will,follow,but
toshiba,'s,line,of,for
a,third,model,marketed,in
international,business,machines,corp.,analysts
honeywell,inc.,and,international,business
honeywell,'s,contract,totaled,$
boeing,co.,received,a,$
general,dynamics,corp.,received,a
grumman,corp.,received,an,$
corp.,received,an,$,million
sharp,increases,in,the,price
the,monthly,increase,is,the
the,index,which,registered,at
prices,have,risen,in,the
japan,'s,wholesale,prices,in
the,wholesale,price,index,stood
new,york,stock,exchange,issues
stocks,of,utilities,held,up
and,among,the,issues,hitting
other,major,issues,hitting,highs
of,course,many,more,issues
these,included,international,business,machines
ibm,closed,at,$,down
other,new,lows,included,international
meanwhile,two,initial,public,offerings
shares,of,rally,'s,inc.
ford,motor,co.,said,it
jaguar,the,london,stock,exchange
the,u.s.,federal,trade,commission
the,no,auto,maker,disclosed
general,motors,corp.,said,it
gm,said,it,still,is
investors,who,bought,stock,with
that,'s,because,their,brokers
in,october,these,margin,calls
typically,a,margin,call,occurs
if,the,investor,does,n't
but,some,big,brokerage,firms
margin,calls,since,friday,have
merrill,lynch,&,co.,officials
hugo,senior,vice,president,at
he,said,schwab,had,increased
he,added,we,learned,a
inc.,following,rival,hertz,corp.
the,garden,city,n.y.,company
but,it,remains,involved,in
industry,estimates,put,'s,annual
a,spokesman,for,would,n't
budget,rent,a,car,corp.
in,fact,budget,indicated,it
i,can,not,see,how
northwest,and,are,two,of
national,also,in,the,northwest
a,month,ago,hertz,of
at,the,time,hertz,said
analysts,and,competitors,however,doubt
budget,said,its,costs,are
robert,d.,vice,president,of
this,year,has,been,difficult
they,'ve,been,looking,to
cbs,inc.,is,cutting,the
cbs,insisted,the,move,was
i,have,every,intention,of
this,will,raise,the,energy
cbs,will,continue,to,program
but,cbs,news,will,extend
the,show,despite,a,promising
further,the,audience,is,the
tandem,computers,inc.,preparing,to
tandem,said,it,expects,to
the,results,which,are,in
in,the,year-earlier,period,tandem
tandem,expects,to,report,the
analysts,have,predicted,that,the
commenting,on,the,results,for
the,company,'s,u.s.,performance
tandem,makes,computers,machines,with
tomorrow,the,company,is,scheduled
tandem,'s,new,high-end,computer
prices,for,the,machine,which
analysts,expect,the,new,computer
we,believe,they,could,perhaps
that,will,spur,tandem,'s
i,'d,be,disappointed,if
ibm,is,expected,to,respond
obviously,ibm,can,give,bigger
but,mr.,questions,whether,that
the,answer,is,n't,price
nevertheless,tandem,faces,a,variety
even,mr.,is,reluctant,to
we,'re,after,a,little
the,stock,market,'s,may
in,one,wild,hour,of
it,is,forcing,the,federal
the,resulting,decline,in,interest
after,all,until,a,few
when,it,went,down,by
that,has,changed,partly,because
the,crash,was,a,false
the,market,seems,increasingly,from
its,ca,n't,be,to
the,market,today,has,a
there,'s,nothing,rational,about
of,course,the,health,of
sharply,falling,stock,prices,do
the,financial-services,industry,was,battered
what,'s,more,although,the
but,if,the,stock,market
the,fed,which,until,friday
fed,officials,may,protest,that
but,the,experience,of,the
anticipating,the,fed,'s,move
tiny,movements,in,the,rate
the,dollar,also,began,to
treasury,officials,have,been,arguing
the,market,drop,has,now
a,modest,drop,in,the
that,was,n't,the,case
another,big,difference,between,and
in,the,third,quarter,of
the,consensus,among,economists,is
the,plunge,in,stock,prices
a,lot,of,demand,is
consumer,spending,did,drop,in
that,was,offset,by,strength
the,effects,were,much,less
today,he,exports,and,business
what,'s,more,the,corporate
we,'ve,had,two,more
the,more,a,company,relies
a,company,with,a,strong
the,fed,of,course,knows
but,in,the,process,the
even,before,friday,'s,events
the,biggest,threat,on,the
in,the,end,the,collapse
the,economy,does,however,depend
a,panic,on,wall,street
surveys,suggested,that,consumer,confidence
a,190-point,drop,is,n't
if,the,reactions,of,executives
and,if,foreign,investors,become
on,the,bottom,line,the
two,years,ago,about,the
the,prosperity,that,followed,black
at,the,very,least,the
as,sen.,lloyd,d.,texas
they,are,more,sophisticated,this
the,chemical,industry,is,expected
producers,of,commodity,chemicals,the
once,the,chief,beneficiaries,of
for,some,of,these,companies
this,could,be,the,first
perhaps,most,prominent,dow,chemical
though,dow,has,aggressively,diversified
analysts,',third-quarter,estimates,for
a,dow,spokeswoman,declined,to
at,the,investment,firm,of
you,will,find,the,commodities
first,boston,corp.,projects,that
most,of,the,have,big
still,some,industry,giants,are
du,pont,co.,is,thought
moreover,the,wilmington,del,company
analysts,are,divided,over,whether
the,estimates,for,du,pont
in,the,third,quarter,the
monsanto,co.,too,is,expected
the,st.,company,is,expected
searle,continued,to,operate,in
most,estimates,for,monsanto,run
a,year,ago,the,company
but,the,producers,are,caught
by,some,accounts,on,wall
but,say,growing,production,capacity
in,the,latest,quarter,at
for,inc.,how,far,down
the,projections,are,in,the
faces,lower,prices,for,its
the,company,based,in,wilmington
at,quantum,chemical,corp.,new
some,analysts,hedge,their,estimates
but,the,estimates,range,from
in,the,third,quarter,quantum
another,big,polyethylene,producer,union
quantum,and,union,carbide,all
the,following,were,among,friday
$,million,of,senior,notes
the,issue,which,is,back
rated,single-a-1,by,moody,'s
$,million,of,debentures,due
the,issue,which,can,be
rated,by,moody,'s,and
$,million,of,remic,mortgage
the,offering,series,backed,by
among,classes,for,which,details
$,million,of,remic,mortgage
the,offering,series,is,backed
pricing,details,were,n't,immediately
$,million,of,stripped,mortgage
the,agency,'s,first,strips
the,collateral,is,being,sold
the,securities,will,be,by
the,securities,will,be,sold
the,securities,pay,the,principal
freddie,mac,said,the,securities
the,securities,were,priced,at
there,were,no,major,or
the,economy,'s,will,be
the,most,troublesome,report,may
the,trade,gap,is,expected
thursday,'s,report,on,the
that,gain,was,being,cited
economists,are,divided,as,to
meanwhile,september,housing,starts,due
there,'s,a,possibility,of
a,widening,of,the,deficit
in,any,event,mr.,and
trade,is,definitely,going,to
exports,are,thought,to,have
views,on,manufacturing,strength,are
the,wide,range,of,estimates
a,rebound,in,energy,prices
the,consensus,view,expects,a
robert,h.,an,economist,for
auto,prices,had,a,big
food,prices,are,expected,to
he,also,says,he,thinks
he,expects,a,gain,of
housing,starts,are,expected,to
economists,say,an,august,rebound
if,the,law,'s,fair
when,research,projects,are,curtailed
assuming,the,stock,market,does
capital,city,is,a,weekly
the,early,episodes,make,you
let,'s,make,that,just
according,to,the,program,'s
but,with,all,the,money
you,need,n't,be,a
the,produced,series,has,been
turned,loose,in,'s,trading
judging,by,the,money,lost
in,the,opening,episode,we
trouble,is,she,has,lost
rather,than,keep,the,loss
little,chance,that,is,going
traders,spend,the,morning,selling
the,trade,figures,turn,out
so,much,for,anticipating,the
and,a,large,of,the
surprisingly,the,week,only,to
instead,of,closing,ranks,to
the,plot,is,when,the
if,you,can,the,that
in,fact,few,consume,much
two,share,a,house,almost
lives,in,a,hotel,room
and,it,takes,the,'
perhaps,the,explanation,for,these
after,all,this,is,n't
this,attitude,is,clearly,illustrated
enough,he,lives,in,a
but,apparently,to,make,him
he,takes,his,wash,to
in,producing,and,promoting,capital
the,production,costs,are,a
another,half,million,went,for
these,expenses,create,a,special
's,u.s.,marketing,agent,donald
he,is,hopeful,citing,three
perhaps,without,it,mr.,simultaneously
the,seeds,already,are,in
the,first,episode,concluded,with
and,many,in,the,young
looks,like,a,young,william
so,ok,kids,everybody,on
the,pressure,is,too,much
he,into,a,desktop,computer
and,all,the,while,the
mr.,is,senior,in,the
assurances,of,france,gave,details
the,proposed,acquisition,is,part
in,an,attempt,to,u.s.
as,part,of,the,agreement
of,the,total,$,billion
in,an,interview,thursday,bebear
the,other,banking,companies,in
mr.,bebear,said,group,has
he,said,the,assets,to
we,wo,n't,put,any
the,amended,filings,also,point
we,hope,that,with,what
any,change,of,control,in
the,amended,filings,were,required
dropped,its,initial,#,billion
a,spokesman,for,b.a.t,said
the,new,financing,structure,is
that,dividend,is,almost,double
it,would,have,severe,implications
to,fend,off,sir,james
dismal,sales,at,general,motors
the,eight,major,domestic,auto
domestically,built,truck,sales,were
the,heavy,use,of,incentives
this,appears,particularly,true,at
overall,sales,of,all,vehicles
without,gm,overall,sales,for
some,of,the,u.s.,auto
we,'ve,created,a,condition
car,sales,fell,to,a
the,poor,performance,contrasts,with
furthermore,dealers,contacted,late,last
gm,'s,domestic,car,sales
all,of,the,gm,divisions
cadillac,posted,a,increase,despite
lexus,sales,were,n't,available
the,sales,drop,for,the
last,year,gm,had,a
aside,from,gm,other,car
ford,motor,co.,had,a
chrysler,corp.,had,a,drop
however,sales,of,trucks,including
honda,motor,co.,'s,sales
honda,'s,plant,in,ohio
we,'re,really,confident,everything
separately,chrysler,said,firm,prices
firm,prices,were,generally,in
at,that,time,chrysler,said
a,totals,include,only,vehicle
d,percentage,change,is,greater
x,there,were,selling,days
percentage,differences,based,on,daily
antonio,l.,years,old,was
mr.,had,been,a,consultant
mr.,succeeds,william,h.,who
it,also,has,interests,in
it,was,n't,so,long
now,the,network,has,opened
employees,held,an,open,house
i,think,this,is,a
in,fact,the,network,hopes
but,the,rapid,changes,brought
in,fact,radio,free,europe
while,the,network,currently,can
in,addition,competition,for,is
instead,of,being,denounced,as
they,have,a,lot,to
the,radio,reporters,seem,better
indeed,hungary,is,in,the
boys,on,busy,street,corners
are,packed,with,a,array
radio,and,television,are,getting
the,british,broadcasting,corp.,and
australian,press,rupert,murdoch,has
but,radio,free,europe,does
with,its,mission,for,free
radio,free,europe,and,its
they,are,still,an,important
the,establishment,of,its,first
months,before,the,decision,by
it,proved,a,perfect,time
not,only,did,the,ministry
it,'s,a,far,cry
in,fact,some,of,the
during,the,past,four,years
through,much,of,the,war
when,we,listen,to,the
she,wants,to,turn,down
now,the,competition,for,radio
radio,often,its,most,politically
television,which,most,of,the
it,is,a,talk,show
those,who,want,to,hear
the,competitive,spirit,is,clearly
the,office,plans,to,hire
the,service,has,a,daily
there,'s,also,a,host
a,daily,program,called,the
there,'s,a,program,for
and,to,attract,younger,radio
the,pet,shop,boys,are
we,are,for,all,the
every,moment,we,want,to
proposals,for,national,service,like
the,disease,comes,to,mind
rather,it,is,born,of
it,is,back,with,us
why,does,the,virus,keep
perhaps,it,is,because,both
if,only,we,could,get
a,quarter,of,a,century
those,of,us,who,resisted
choice,of,the,volunteer,military
but,the,virus,was,kept
this,time,it,attempted,to
why,not,keep,and,even
military,service,moreover,could,be
thus,undoubtedly,it,was,hoped
the,democratic,leadership,council,a
a,provision,allowing,grants,to
the,plan,trees,children,and
with,a,tax-free,$,payment
mind,you,most,of,the
they,would,be,doing,better
as,it,happened,political,resistance
opposition,to,national,service,from
clearly,a,new,rationale,for
what,better,place,to,turn
before,the,is,printed,the
it,is,widely,known,that
the,omnibus,bill,coming,out
the,of,is,in,the
is,the,voluntary,sector,so
on,the,contrary,it,is
according,to,the,poll,american
even,if,government,does,see
if,we,want,to,support
or,we,might,provide,a
what,we,do,not,need
to,the,extent,we,lack
will,national,service,in,the
polls,show,wide,support,for
nonetheless,senate,democrats,are,organizing
so,far,the,president,seems
however,even,this,plan,could
there,'s,no,need,for
the,omnibus,can,be,defeated
national,service,the,idea,still
mr.,is,a,fellow,at
this,article,is,adapted,from
drug,inc.,said,gary,years
he,succeeds,his,father,philip
robert,e.,iii,who,headed
american,physicians,service,group,inc.
american,physicians,said,it,also
american,provides,a,variety,of
prime,based,in,n.j.,provides
for,the,year,ended,june
the,inflation-adjusted,growth,rate,for
the,state,agency,said,the
if,the,economy,continues,to
that,would,be,down,from
the,canadian,government,announced,a
the,annual,interest,rate,for
canada,savings,bonds,are,major
the,government,has,about,billion
only,canadian,residents,are,permitted
the,bonds,go,on,sale
the,debate,over,national,service
after,a,decade,in,which
at,least,bills,proposing,one
one,by,sen.,sam,d.
an,omnibus,bill,assembled,by
it,might,well,win,senate
president,bush,has,outlined,his
what,is,one,to,think
doctrine,and,special,interests,govern
people,eager,to,have,youth
so,do,those,who,seek
to,mandatory,service,is,an
of,the,market,question,the
if,the,market,wo,n't
elements,of,the,left,are
but,what,about,those,of
how,should,we,think,about
let,'s,begin,by,recognizing
would,participants,live,at,home
what,kinds,of,work,would
would,the,program,be,run
only,males,as,with,the
middle-class,people,or,poor,people
those,are,not,questions,and
then,how,should,we,think
as,a,starting,point,here
ignore,national,service,in,the
they,will,differ,in,crucial
as,commonly,understood,service,implies
it,involves,accepting,risk,or
it,follows,that,proposals,like
there,is,a,rationale,for
but,the,earnings,exceed,by
who,will,throw,several,hundred
but,through,tax,policy,and
it,should,also,encourage,service
its,encouragement,should,strengthen,and
enthusiasts,assume,that,national,service
there,is,important,work,to
good,service,programs,require,training
full-time,residential,programs,also,require
programs,are,cheaper,but,good
suggest,that,good,ones,are
people,of,all,ages,and
they,can,volunteer,at,any
youth,do,n't,have,those
they,are,not,in,high
they,are,unlikely,to,be
and,they,have,grown,up
but,many,of,them,can
some,wo,n't,accept,the
but,some,whom,nothing,else
learning,skills,producing,something,feeling
even,if,it,is,cheaper
strictly,speaking,these,youth,are
they,are,giving,up,no
but,they,believe,themselves,to
that,is,a,service,to
it,is,what,federal,support
mr.,a,carter,administration,budget
he,is,a,co-author,of
government,officials,here,and,in
federal,reserve,chairman,alan,greenspan
and,at,the,treasury,secretary
but,the,officials,feared,that
in,addition,officials,at,the
the,disadvantage,at,this,point
the,fed,'s,efforts,at
fed,chairman,greenspan,was,surprised
nevertheless,fed,officials,acknowledged,the
it,is,prepared,to,assume
the,fed,provides,money,to
the,of,federal,officials,was
secretary,of,the,treasury,brady
i,'m,sure,they,'ll
when,it,was,suggested,his
but,in,this,context,that
at,the,treasury,secretary,brady
today,'s,stock,market,decline
the,economy,remains,and,the
but,administration,officials,conceded,that
one,possibility,is,that,this
the,other,is,that,we
i,think,that,'s,less
nevertheless,fed,chairman,greenspan,and
the,action,was,expected,to
both,the,treasury,and,the
in,tokyo,share,prices,dropped
after,the,initial,slide,the
in,the,bush,administration,the
the,three,men,worked,together
as,a,result,they,have
mr.,brady,was,at,the
he,was,quickly,on,the
later,mr.,brady,mr.,greenspan
aides,say,he,continued,to
administration,officials,say,president,bush
he,had,frequent,telephone,with
government,officials,tried,throughout,the
treasury,undersecretary,david,mulford,for
and,as,of,last,night
ironically,mr.,greenspan,was,scheduled
he,flew,to,dallas,on
following,is,a,weekly,listing
also,shown,is,the,closing
b,as,of,thursday,'s
c,translated,at,commercial,rand
f,as,of,wednesday,'s
walk,around,the,room,take
resist,the,urge,to,call
that,'s,the,advice,of
no,one,can,say,for
and,investment,pros,are,divided
but,they,'re,nearly,on
investors,who,sold,everything,after
even,after,friday,'s,plunge
panic,selling,also,was,during
the,crash,of,was,followed
the,october,of,and,were
indeed,some,pros,see,friday
there,has,been,a,lot
but,most,advisers,think,the
when,you,see,a,runaway
even,for,people,who,expect
the,best,thing,individual,investors
on,the,one,hand,mr.
on,the,other,hand,it
this,is,all,right,now
so,it,'s,more,prudent
roger,professor,of,finance,at
generally,it,is,n't,to
mr.,thinks,that,this,week
but,he,also,thinks,it
john,former,president,of,the
we,'re,dedicated,long-term,investors
and,we,hope,to,take
one,camp,of,investment,pros
over,the,next,days,and
friday,'s,action,was,an
stocks,were,being,thrown,out
his,advice,you,ought,to
james,craig,portfolio,manager,for
stocks,such,as,foods,corp.
and,mr.,craig,expects,to
it,will,be,chaotic,at
he,argues,that,stocks,are
mr.,front,of,stein,roe
his,firm,favors,selected,computer
other,investment,pros,are,more
they,say,investors,should,sell
many,of,them,stress,that
on,thursday,william,a,seattle
he,thinks,the,underlying,inflation
in,the,pension,accounts,he
he,thinks,government,officials,are
so,he,thinks,the,government
as,a,result,mr.,says
david,m.,jones,vice,president
he,says,the,oct.,employment
one,strategy,for,investors,who
a,put,option,gives,its
whether,this,insurance,is,depends
the,cost,or,premium,tends
thus,buying,puts,after,a
the,prices,of,puts,generally
for,example,the,premium,as
but,prices,may,when,trading
it,'s,hard,to,about
but,investors,should,keep,in
paying,say,for,insurance,against
james,a.,white,and,tom
banker,commercial,group,said,it
the,firm,which,was,acquired
though,the,offering,did,n't
he,noted,that,unlike,an
they,came,up,with,their
he,said,the,offering,was
we,'re,in,a,service
the,brokerage,firm,wo,n't
employees,have,the,right,to
they,may,also,eventually,sell
those,outside,investors,in,banker
bankers,trust,and,financed,the
banker,also,named,three,outside
the,are,gary,wilson,chief
the,first,major,event,this
under,a,reform,arising,from
the,aim,of,the,would
that,is,just,one,of
the,big,board,also,added
several,of,those,post-crash,changes
but,the,major,circuit,breakers
a,deeper,market,plunge,today
a,further,slide,also,would
most,notably,several,of,the
the,most,controversial,of,the
but,for,the,moment,attention
big,board,and,merc,officials
those,from,p.m.,to,p.m.
during,the,first,halt,after
that,system,is,designed,to
one,merc,broker,compared,the
you,do,n't,want,the
the,system,worked,the,way
after,for,about,minutes,the
traders,then,spent,the,last
one,estimated,that,to,of
but,the,circuit,breaker,never
the,mmi,and,the,s
the,programs,are,considered,by
the,process,of,post-crash,reforms
in,october,just,after,the
over,the,next,year,that
in,addition,limits,were,placed
few,changes,were,made,in
at,the,outset,the,prime
there,were,also,calls,to
and,there,was,much,criticism
when,the,brady,task,force
arguing,that,the,separate,financial
only,the,last,of,those
the,reagan,white,house,held
in,may,the,working,group
after,several,more,months,of
privately,some,free,dismissed,such
after,all,this,free-market,argument
circuit,breakers,set,to,soften
if,s,&,p,futures
if,dow,industrials,fall,points
if,s,&,p,futures
on,nyse,program,trades,are
if,s,&,p,futures
if,dow,industrials,fall,points
s,&,p,and,mmi
if,drops,points,big,board
trading,in,mmi,and,s
establish,an,regulator,for,financial
make,margins,consistent,across,stock
require,prompt,reports,of,large
give,sec,authority,to,monitor
transfer,jurisdiction,over,futures,to
give,sec,authority,to,halt
create,a,task,force,to
breaking,the,soviet,government,'s
there,must,not,be,a
the,company,is,already,working
mr.,told,that,he,recently
's,article,was,accompanied,by
even,though,it,will,be
south,africa,'s,national,union
de,beers,said,that,workers
the,in,negotiations,occurred,with
japan,'s,opposition,socialist,party
the,had,been,raised,in
secretary,general,of,the,socialist
the,world,wide,fund,for
a,report,by,the,conservation
fund,official,simon,said,world
a,nato,project,to,build
britain,france,and,italy,announced
small,wonder,that,britain,'s
a,few,hours,after,the
labor,'s,visa,card,is
labor,gets,pence,cents,for
as,with,other,plastic,in
china,'s,program,has,achieved
the,official,china,daily,said
the,state,statistical,bureau,found
the,newspaper,quoted,experts,as
the,aim,of,the,measures
economists,now,predict,the,growth
in,a,sign,of,growing
a,$,million,of,was
the,is,the,of,director
it,all,seemed,innocent,enough
it,is,almost,identical,to
the,justin,merchandise,carried,wholesale
the,enthusiastic,and,promised,to
but,instead,of,a,new
mr.,it,turned,out,was
his,recording,later,turned,up
seeking,to,keep,justin,'s
since,then,life,has,changed
i,have,n't,been,able
it,'s,the,most,thing
his,company,annual,sales,about
justin,'s,plight,shows,what
with,considerable,irony,the,case
americans,used,to,complain,bitterly
now,sony,whose,innovative,products
the,of,this,is,that
if,sony,wins,mr.,says
at,worst,he,adds,they
mr.,denies,the,suit,'s
i,made,a,similar,line
today,u.s.,judge,john,e.
the,judge,turned,down,an
though,hoping,to,settle,the
but,the,battle,is,more
i,had,no,idea,i
mr.,had,sold,inc.,a
with,justin,he,began,selling
the,company,has,grown,to
justin,has,been,profitable,since
like,many,others,mr.,took
the,new,products,looked,more
in,court,papers,sony,says
sony,found,a,new,market
his,products,are,n't,exact
sony,uses,mostly,red,and
to,be,successful,a,product
by,last,winter,justin,was
indeed,concerned,that,sony,sales
he,himself,threatened,to,take
but,justin,has,n't,pursued
recalls,mr.,our,purpose,was
we,never,intended,taking,on
sony,answered,the,empty,threat
off,and,on,since,then
and,justin,in,a,news
sony,'s,lawyer,insists,that
he,also,insists,that,sony
justin,claims,it,began,using
whatever,its,merits,sony,'s
mr.,says,he,has,paid
of,sony,mr.,says,they
they,just,keep,me,in
for,now,though,he,to
charles,h.,ii,chairman,of
the,stock,was,bought,on
as,previously,reported,n.h.,and
eastern,utilities,has,offered,$
dresdner,bank,ag,of,west
the,tender,offer,by,west
dresdner,is,offering,to,acquire
the,terms,of,the,offer
the,societe,generale,banking,group
mexican,investor,joel,said,he
in,a,filing,with,the
mr.,said,that,he,group
mr.,has,said,he,wants
in,san,diego,smith,laboratories
new,york,said,it,and
the,investment,bank,becomes,majority
sports,tampa,fla.,posted,revenue
the,company,is,very,profitable
in,sports,&,recreation,'s
in,the,latest,transaction,management
hammond,co.,newport,beach,calif.
hammond,said,that,its,discussions
fidelity,has,increased,its,stake
statements,made,in,securities,and
giant,group,ltd.,said,it
giant,a,beverly,hills,calif.
giant,agreed,last,month,to
giant,has,n't,ever,disclosed
the,airline,would,have,become
the,state-controlled,insurer,assurances,de
friday,'s,approval,was,needed
both,paribas,and,have,been
did,n't,comment,officially,on
an,official,did,specify,however
lockheed,systems,co.,a,unit
the,air,force,is,looking
the,aircraft,would,replace,the
lockheed,said,the,u.s.,navy
under,the,agreement,with,lockheed
lockheed,will,build,additional,structures
a,lockheed,spokesman,in,calif.
striking,auto,workers,ended,their
but,the,came,as,a
the,began,filing,out,of
their,withdrawal,was,based,on
the,strike,by,customs,officers
ministry,employees,complain,that,they
the,market,for,$,billion
trading,ground,to,a,halt
stunned,they,watched,brokerage,houses
the,junk,bond,market,is
this,is,far,from,over
junk,'s,collapse,helped,the
simultaneously,it,also,helped,trigger
but,an,the,junk,market
for,example,the,price,of
but,not,even,goldman,would
junk,bonds,which,from,less
the,shaky,market,received,its
campeau,developed,a,cash,squeeze
now,dozens,of,corporations,including
the,music,has,stopped,playing
you,'ve,either,got,a
in,friday,'s,aftermath,says
in,august,first,boston,withdrew
the,outlook,looks,shaky,because
indeed,a,moody,'s,index
in,a,stark,contrast,the
the,bond,'s,yield,dropped
the,yield,on,three-month,treasury
the,main,catalyst,for,government
when,you,get,panic,in
nevertheless,the,problems,of,the
this,marks,a,significant,shift
any,sustained,could,be,a
robert,dow,a,partner,and
he,adds,the,junk,market
i,do,n't,believe,that
there,is,a,flight,to
even,as,trading,in,high-yield
for,example,a,recent,$
a,$,million,offering,of
first,boston,estimates,that,in
that,'s,a,clear,indication
i,do,n't,know,how
when,the,rally,comes,insurance
there,is,plenty,of,money
but,such,highly,leveraged,transactions
michael,director,of,fixed-income,research
last,year,we,probably,bought
this,year,at,best,it
and,our,credit,standards,have
however,mr.,said,the,slide
for,the,moment,investors,seem
the,market,has,been,weak
that,really,affected,the,market
well,before,campeau,though,there
despite,the,relatively,strong,economy
in,june,two,months,before
in,july,southmark,corp.,the
by,the,end,of,july
in,august,resorts,international,inc.
in,september,just,as,the
meantime,regulators,are,becoming,increasingly
moody,'s,says,the,frequency
in,addition,there,are,six
the,era,of,the,1980s
what,we,'ve,begun,to
businesses,were,borrowing,at,interest
what,we,'re,seeing,now
prices,of,treasury,bonds,surged
the,benchmark,30-year,treasury,bond
the,yield,on,the,benchmark
the,flight,to,quality,began
treasurys,opened,lower,reacting,to
many,bond,market,participants,will
prices,of,municipals,investment-grade,and
mortgage,securities,rose,in,hectic
the,ginnie,mae,november,issue
investment-grade,corporate,bonds,were,up
but,the,yield,spread,between
and,the,yields,on,telephone
despite,rumors,that,the,tva
one,of,the,sources,said
municipal,bonds,rose,as,much
friday,'s,190-point,plunge,in
still,the,lesson,is,about
the,consensus,along,the,street
still,the,consensus,seems,almost
this,leads,us,to,another
the,real,value,of,all
and,market,expectations,clearly,have
an,hour,before,friday,'s
there,is,a,great,deal
it,would,be,a,good
for,one,thing,no,one
since,senate,leaders,have,so
especially,so,since,president,bush
to,the,extent,that,the
as,the,best,opportunities,for
but,the,airlines,are,a
worse,congress,has,started,to
james,the,minnesota,democrat,who
it,would,give,mr.,skinner
so,the,ual,deal,has
in,the,crash,remember,the
even,more,important,in,our
the,treasury,is,doing,the
also,traders,are,in,better
they,are,in,less,danger
the,fed,promises,any,needed
the,big,board,'s,with
in,any,event,some,traders
there,is,nothing,wrong,with
but,on,the,bearish,side
first,chicago,corp.,posted,a
the,parent,company,of,first
the,addition,on,top,of
first,chicago,since,has,reduced
despite,this,loss,first,chicago
during,the,quarter,the,company
combined,foreign,exchange,and,bond
gains,from,first,chicago,'s
interest,income,and,most,fee
greece,'s,second,of,general
for,those,hoping,to,see
in,the,round,of,voting
the,ad,interim,coalition,government
on,the,other,the,so-called
the,bond,for,this,was
the,goal,was,a,of
in,point,of,fact,this
when,reduced,to,status,in
with,regard,to,greece,'s
mr.,'s,credibility,is,at
he,has,ample,motive,to
nevertheless,the,new,democracy,and
among,questions,are,whether,mr.
two,former,ministers,were,so
but,parliamentary,probe,was,the
in,the,end,the,investigation
on,another,issue,were,told
despite,convincing,arguments,it,was
the,central,weakness,of,the
the,coalition,government,tried,to
naturally,neither,general,dynamics,nor
so,it,seems,that,mr.
but,while,high,alone,wo
first,came,his,predictable,he
then,to,his,credibility,with
next,he,continued,to,court
for,balance,and,in,hopes
thus,heads,for,the,polls
crucial,as,these,elections,are
the,country,'s,future,nato
greece,also,must,major,pieces
greece,'s,relations,with,the
for,one,the,current,accord
negotiations,for,a,new,agreement
another,matter,of,concern,is
the,courts,have,decided,in
the,seem,barely,aware,of
that,could,win,the,elections
yet,the,possibility,of,another
if,mr.,becomes,the,major
also,he,could,force,new
new,democracy,has,once,again
he,'s,not,exactly,sitting
but,since,he,is,undoubtedly
mr.,carpenter,a,regional,for
u.s.,officials,moved,to,head
fed,chairman,greenspan,signaled,that
other,u.s.,and,foreign,officials
friday,'s,sell-off,was,triggered
the,dow,jones,industrials,skidded
the,junk,bond,market,came
japanese,stocks,dropped,early,monday
the,dollar,was,trading,sharply
prospects,for,a,new,ual
many,banks,refused,to,back
the,decision,was,based,solely
the,surge,in,producer,prices
also,retail,sales,grew,last
a,capital-gains,tax,cut,was
bush,wo,n't,press,for
general,motors,signaled,that,up
u.s.,car,and,truck,sales
warner,and,sony,are,in
the,fight,could,set,back
hooker,'s,u.s.,unit,received
the,offer,does,n't,include
the,boeing,strike,is,starting
america,west,said,friday,it
saatchi,&,saatchi,would,launch
british,aerospace,and,france,'s
new,u.s.,quotas,will,give
japan,'s,steel,quota,will
four,ailing,s,&,ls
dow,jones,industrials,off,transportation
bonds,shearson,lehman,hutton,treasury
commodities,dow,jones,futures,index
a,federal,appeals,court,in
the,ruling,stems,from,a
lawyers,specializing,in,shareholder,suits
according,to,the,suit,apple
the,plaintiffs,also,alleged,that
the,suit,claimed,apple,'s
but,when,the,company,revealed
the,shareholders,claimed,more,than
in,the,san,francisco,district
late,last,month,the,appeals
however,it,gave,the,shareholders
the,court,ruled,that,the
lawyers,are,worried,about,the
the,court,was,careful,to
the,court,is,saying,that
shareholders,',attorneys,at,the
they,wrote,the,opinion,a
nfl,ordered,to,pay,$
the,national,football,league,is
a,jury,in,agreed,with
but,the,jury,awarded,the
last,week,the,u.s.,court
d.,of,&,then,of
douglas,r.,of,&,says
&,will,get,about,$
the,federal,appeals,court,held
antitrust,laws,provide,that,injured
but,an,attorney,for,the
mr.,of,slate,&,flom
the,was,not,the,prevailing
&,of,houston,and,robertson
the,is,believed,to,be
the,firms,are,n't,required
but,they,will,work,together
in,addition,&,'s,washington
the,arrangement,reached,after,about
in,what,may,signal,a
mount,lebanon,high,school,near
grace,successfully,contended,that,removing
a,spokesman,for,the,company
s.,will,join,morrison,&
she,will,help,develop,the
ms.,years,old,resigned,as
she,was,the,first,woman
richard,p.,formerly,eastern,airlines
mr.,spent,years,at,the
mr.,said,he,will,split
apple,computer,inc.,said,it
apple,will,offer,a,$
the,rebates,as,a,percentage
the,company,is,also,offering
electric,industrial,co.,of,japan
in,the,venture,'s,first
a,basic,agreement,between,the
the,new,company,is,to
it,will,have,its,headquarters
's,share,in,the,venture
siemens,will,retain,majority,voting
the,parent,companies,forecast,sales
sales,are,expected,to,rise
the,company,will,have,production
roger,editor,of,u.s.,news
mr.,said,he,resigned,because
frankly,i,missed,my,family
in,mr.,'s,tenure,the
but,at,million,weekly,paid
b,chairman,and,editor,in
mr.,and,ms.,are,married
mr.,said,his,magazine,would
mr.,a,senior,writer,at
the,offers,were,to,work
he,said,he,will,now
aviation,s.a.,said,group,profit
the,french,aircraft,group,pointed
it,noted,for,example,that
still,it,said,it,expects
for,all,of,dassault,had
the,group,has,n't,yet
consolidated,industries,inc.,expects,to
after,a,tax,benefit,of
for,third,quarter,last,year
revenue,for,the,latest,third
mr.,simmons,said,the,results
a,new,$,million,steel
as,a,result,the,company
revenue,for,is,expected,to
for,the,nine,months,ended
last,year,the,company,had
revenue,for,the,nine,months
mr.,simmons,said,'s,new
production,at,the,mill,has
will,have,to,consider,expanding
under,robert,w.,singer,who
prior,to,a,year,ago
now,i,think,we,have
still,he,said,the,company
the,company,claims,a,share
freeport-mcmoran,inc.,said,a,temporary
the,diversified,energy,and,minerals
more,than,pounds,of,a
a,second,plant,at,uncle
freeport-mcmoran,said,the,shutdown,wo
freeport-mcmoran,resource,partners,as,owner
business,week,subscribers,may,hear
a,ad,from,texas,instruments
readers,who,pull,off,a
the,talking,chip,is,n't
previous,efforts,have,included,musical
and,for,those,who,miss
financial,corp.,dallas,said,it
by,merrill,lynch,capital,markets
the,real,estate,and,mortgage
without,cash,from,asset,sales
it,filed,for,protection,from
said,merrill,lynch,which,owns
it,said,it,chose,lazard
canadian,imperial,bank,of,commerce
don,senior,vice,president,and
it,the,continuing,uncertainty,with
the,bank,said,about,c
mr.,said,the,c,$
the,bank,'s,net,income
mr.,said,the,bank,will
the,bank,has,a,reserve
mr.,said,the,bank,'s
he,said,the,bank,will
the,among,takeover,stocks,friday
suitors,from,now,on,are
and,they,will,be,launching
this,is,an,sign,for
whenever,the,1980s,merger,boom
the,market,is,not,cheap
he,recently,began,increasing,his
i,look,at,where,deals
lenders,are,growing,increasingly,nervous
you,had,a,week,of
trading,up,friday,in,the
it,was,the,latest,in
and,banks,appear,to,be
the,group,trying,to,buy
takeover-stock,traders,today,will,be
investment,bankers,representing,the,buy-out
after,ual,the,stock,viewed
trading,in,amr,shares,was
before,the,halt,amr,last
late,friday,night,the,london
similarly,delta,air,lines,and
over,the,however,two,developments
vitro,s.a.,a,major,mexican
on,friday,shares,fell,to
for,the,broader,market,the
moreover,to,complete,the,entire
donaldson,'s,statement,is,n't
security,pacific,meanwhile,said,it
in,another,takeover,battle,a
mccaw,is,offering,$,a
on,friday,lin,shares,were
traders,and,investment,bankers,said
investment,bankers,interviewed,over,the
potential,bidders,for,companies,were
nothing,makes,things,look,cheaper
just,as,there,are,people
investment,bankers,expect,most,of
in,the,past,corporate,buyers
now,corporate,buyers,should,be
many,takeover,stocks,plunged,friday
columbia,pictures,entertainment,which,has
but,several,stocks,long,rumored
they,include,usx,down,upjohn
the,market,and,investment,bankers
given,the,weakness,in,both
examples,include,whose,agreement,to
shares,fell,nearly,on,friday
ramada,which,first,delayed,and
ramada,has,said,it,hopes
shares,of,american,medical,international
the,buy-out,group,is,offering
but,investment,bankers,say,the
hilton,hotels,for,example,was
hilton,currently,is,soliciting,bids
people,familiar,with,hilton,said
however,they,conceded,that,some
hilton,officials,said,they,were
william,hilton,'s,general,counsel
i,ca,n't,believe,that
but,the,stock,market,as
for,suitors,the,takeover,game
the,market,is,just,up
in,los,angeles,contributed,to
of,all,the,one-time,expenses
to,take,full,advantage,of
it,must,also,evaluate,the
specifically,it,must,understand,how
when,a,regional,economy,cold
in,other,words,real-estate,market
this,was,seen,in,the
but,the,reverse,is,also
why,do,local,real-estate,markets
because,real-estate,purchases,and,leases
metropolitan,detroit,was,written,off
area,employment,dropped,by,from
however,the,real-estate,market,was
for,example,residential,building,permits
once,metropolitan,detroit,'s,economy
building,permits,for,example,soared
where,corporations,and,professional,firms
look,no,further,than,metropolitan
of,course,some,observers,have
but,now,appears,to,be
metropolitan,houston,'s,economy,did
in,the,mid-1980s,employment,was
the,real-estate,market,suffered,even
the,vacancy,rate,soared,more
to,some,observers,the,empty
as,usual,the,real-estate,market
actually,the,region,'s,economy
metropolitan,houston,'s,population,has
and,personal,income,after,in
today,metropolitan,houston,'s,real-estate
more,than,jobs,were,added
this,growth,puts,houston,in
and,forecasts,project,a,to
denver,is,another,metropolitan,area
by,some,measures,metropolitan,denver
its,population,has,continued,to
employment,is,now,higher,than
buying,income,in,real,dollars
the,rates,of,increase,however
in,a,therefore,the,region
housing,building,permits,are,down
although,no,one,can,predict
when,denver,'s,regional,economy
what,real-estate,strategy,should,one
generally,overcapacity,in,commercial,real
vacancy,rates,in,the,to
under,these,conditions,even,a
those,looking,for,real-estate,bargains
mr.,is,managing,partner,of
industrial,corp.,said,it,expects
analysts,had,been,projecting,that
the,year-earlier,third-quarter,earnings,amounted
the,company,said,a,drop
also,the,company,said,its
a,maker,of,truck,and
common,cause,asked,both,the
mr.,keating,is,currently,the
fred,president,of,common,cause
mr.,based,this,on,a
i,want,to,say,in
in,a,highly,unusual,meeting
according,to,notes,taken,by
mr.,keating,had,complained,that
the,notes,show,that,sen.
for,the,next,two,years
lincoln,'s,parent,company,american
the,newly,formed,resolution,trust
mr.,keating,has,filed,his
the,cost,to,taxpayers,of
details,of,the,affair,have
in,the,midst,of,his
sen.,after,months,of,off
in,addition,sen.,last,week
sen.,said,he,had,meant
mr.,keating,his,family,members
but,sen.,says,mr.,keating
he,became,very,angry,at
in,july,california,newspapers,disclosed
in,addition,sen.,cranston,received
also,in,july,ohio,newspapers
that,was,in,addition,to
mr.,said,the,senate,ethics
wilson,staff,director,of,the
sen.,said,he,would,cooperate
sen.,said,he,had,been
sen.,glenn,said,he,had
sen.,said,when,all,is
sen.,cranston,who,had,already
why,did,n't,the,bank
that,is,what,common,cause
trinity,industries,inc.,said,it
trinity,estimated,the,value,of
trinity,said,it,plans,to
it,said,the,rail,cars
when,china,opened,its,doors
today,with,about,of,the
the,toy,makers,were,pushed
but,in,the,wake,of
although,the,manufacturers,stress,that
the,toy,makers,and,their
nobody,wants,to,have,all
indeed,and,other,leading,hong
their,steps,were,partly,prompted
by,diversifying,supply,sources,the
it,would,n't,be,easy
a,supply,of,cheap,labor
south,china,is,the,most
hong,kong,trade,figures,illustrate
in,exports,of,domestically,produced
but,mainly,from,china,jumped
in,'s,first,seven,months
manufacturers,say,there,is,no
for,the,next,few,years
in,the,meantime,as,manufacturers
several,big,companies,have,established
malaysia,the,philippines,and,indonesia
with,the,european,community,set
worries,about,china,came,just
hong,kong,manufacturers,say,large
the,industry,last,year,and
still,they,long,for,a
the,thing,the,colony,'s
introduced,in,the,plastic,are
paul,managing,director,of,says
should,sales,continue,to,be
other,hong,kong,manufacturers,expect
besides,the,lack,of,a
buyers,have,little,money,left
many,of,the,toy,makers
toy,makers,complain,that,electricity
bank,credit,for,china,investments
also,concern,exists,that,the
but,toy,manufacturers,and,other
they,say,china,'s,trade
the,chinese,leaders,have,to
the,bush,administration,urging,the
general,kenneth,argued,that,the
he,also,argued,that,the
the,administration,'s,position,was
the,administration,filed,the,brief
the,administration,urged,the,justices
under,that,standard,which,the
that,is,a,much,easier
on,the,provisions,of,the
the,case,vs.,minnesota,will
aluminum,co.,of,america,hit
the,nation,'s,no,aluminum
revenue,rose,to,$,billion
analysts,who,were,expecting,to
it,'s,disappointing,said,william
much,of,the,earnings,decline
lower,prices,for,aluminum,and
in,addition,costs,were,higher
excluding,the,higher,tax,rate
noting,that,the,third,quarter
nevertheless,the,company,said,shipments
the,results,were,announced,after
in,new,york,stock,exchange
for,years,federal,rules,have
and,for,six,years,nbc
but,with,foreign,companies,up
they,hope,the,foreign,deals
even,network,executives,however,admit
and,so,the,networks,also
that,became,clear,last,week
nbc,'s,interest,may,revive
even,if,that,deal,is
our,doors,are,open,an
nbc,may,yet,find,a
and,any,nbc,effort,could
but,the,networks,',push
both,sides,are,to,sit
few,people,to,the,talks
the,networks,still,are,in
studios,are,to,get,shows
and,that,'s,why,the
studio,executives,in,on,the
but,mr.,who,represents,the
such,leave,network,officials,all
they,do,n't,seem,to
and,there,'s,no,indication
that,'s,the,problem,is
congress,has,said,repeatedly,it
but,recent,developments,have,made
the,latest,sony,corp.,'s
i,wonder,what,walter,will
in,his,article,mr.,who
he,did,n't,mention,that
an,nbc,spokesman,that,mr.
the,big,three,'s,for
although,time,already,had,a
nbc,'s,mr.,wright,led
he,spoke,up,again,when
since,nbc,'s,interest,in
with,a,qintex,deal,nbc
it,'s,never,really,been
he,now,runs,policy,communications
rules,do,n't,block,a
hence,nbc,might,be,able
if,the,transaction,raised,objections
but,such,would,still,block
under,current,rules,even,when
instead,abc,will,have,to
the,networks,admit,that,the
six,years,ago,they,were
the,federal,communications,commission,had
various,evidence,including,a,institution
but,just,eight,days,before
the,networks,and,studios,have
network,officials,involved,in,the
in,congress,the,issue,it
a,spokesman,for,rep.,edward
but,he,said,mr.,markey
and,at,the,fcc,meanwhile
recognition,equipment,inc.,said,it
the,government,sued,the,company
the,suit,named,the,company
the,suit,charged,the,defendants
mr.,was,previously,sentenced,to
in,the,agreement,recognition,agreed
the,five,additional,defendants,were
a,trial,on,criminal,allegations
they,were,indicted,last,october
the,company,and,its,executives
in,a,related,development,recognition
the,postal,service,originally,suspended
the,company,said,it,will
intel,corp.,reported,a,drop
the,big,semiconductor,and,computer
the,lower,net,included,a
earning,also,fell,from,the
sales,amounted,to,$,million
intel,'s,stock,rose,in
but,intel,later,to,the
in,august,intel,warned,that
on,friday,andrew,intel,president
our,bookings,improved,as,the
for,the,full,quarter,our
for,the,nine-month,period,intel
revenue,amounted,to,$,billion
walter,sisulu,and,the,african
after,years,in,prison,mr.
at,the,same,time,six
and,as,the,men,returned
a,huge,anc,flag,with
at,the,small,home,of
i,am,happy,to,see
as,the,crowd,outside,his
i,'m,inspired,by,the
under,the,laws,of,the
but,the,release,of,the
the,government,can,never,put
things,have,gone,too,far
there,was,certainly,no,the
of,anc,and,we,shook
and,they,called,on,the
without,him,said,mr.,sisulu
president,de,released,the,anc
but,pretoria,may,instead,be
as,other,governments,particularly,poland
as,the,days,go,by
if,it,does,n't,yield
if,it,does,the,large
the,newly,released,anc,leaders
the,government,is,watching,closely
pretoria,has,n't,forgotten,why
in,addition,the,government,is
in,order,to,head,off
the,men,also,will,be
says,peter,president,of,the
they,never,considered,themselves,to
at,last,night,'s,rally
we,discipline,because,we,know
we,want,to,see,nelson
